access_token.py started at Sun Jan 26 22:00:02 UTC 2025
access_token.py ended at Sun Jan 26 22:00:02 UTC 2025
script.py started at Sun Jan 26 23:00:01 UTC 2025
access_token.py started at Mon Jan 27 22:00:02 UTC 2025
access_token.py ended at Mon Jan 27 22:00:02 UTC 2025
script.py started at Mon Jan 27 23:00:02 UTC 2025
script.py ended at Mon Jan 27 23:00:04 UTC 2025
access_token.py started at Tue Jan 28 10:00:01 UTC 2025
access_token.py ended at Tue Jan 28 10:00:02 UTC 2025
script.py started at Tue Jan 28 11:00:01 UTC 2025
access_token.py started at Tue Feb  4 10:00:01 UTC 2025
access_token.py ended at Tue Feb  4 10:00:01 UTC 2025
script.py started at Tue Feb  4 11:00:02 UTC 2025
script.py ended at Tue Feb  4 11:00:03 UTC 2025
access_token.py started at Wed Feb  5 10:00:01 UTC 2025
access_token.py ended at Wed Feb  5 10:00:02 UTC 2025
script.py started at Wed Feb  5 11:00:01 UTC 2025
script.py ended at Wed Feb  5 11:01:38 UTC 2025
access_token.py started at Thu Feb  6 10:00:01 UTC 2025
access_token.py ended at Thu Feb  6 10:00:01 UTC 2025
script.py started at Thu Feb  6 11:00:01 UTC 2025
script.py ended at Thu Feb  6 11:22:11 UTC 2025
access_token.py started at Fri Feb 21 10:00:01 UTC 2025
access_token.py ended at Fri Feb 21 10:00:02 UTC 2025
script.py started at Fri Feb 21 11:00:02 UTC 2025
script.py ended at Fri Feb 21 11:00:06 UTC 2025
access_token.py started at Sat Feb 22 10:00:02 UTC 2025
access_token.py ended at Sat Feb 22 10:00:03 UTC 2025
script.py started at Sat Feb 22 11:00:01 UTC 2025
script.py ended at Sat Feb 22 11:01:46 UTC 2025
access_token.py started at Sun Feb 23 10:00:02 UTC 2025
access_token.py ended at Sun Feb 23 10:00:03 UTC 2025
script.py started at Sun Feb 23 11:00:01 UTC 2025
script.py ended at Sun Feb 23 11:01:15 UTC 2025
access_token.py started at Mon Feb 24 10:00:02 UTC 2025
access_token.py ended at Mon Feb 24 10:00:03 UTC 2025
script.py started at Mon Feb 24 11:00:02 UTC 2025
script.py ended at Mon Feb 24 11:00:08 UTC 2025
access_token.py started at Tue Feb 25 10:00:01 UTC 2025
access_token.py ended at Tue Feb 25 10:00:03 UTC 2025
script.py started at Tue Feb 25 11:00:02 UTC 2025
script.py ended at Tue Feb 25 11:03:02 UTC 2025
access_token.py started at Wed Feb 26 10:00:02 UTC 2025
access_token.py ended at Wed Feb 26 10:00:03 UTC 2025
script.py started at Wed Feb 26 11:00:01 UTC 2025
script.py ended at Wed Feb 26 11:00:12 UTC 2025
access_token.py started at Thu Feb 27 10:00:02 UTC 2025
access_token.py ended at Thu Feb 27 10:00:03 UTC 2025
script.py started at Thu Feb 27 11:00:02 UTC 2025
script.py ended at Thu Feb 27 11:00:11 UTC 2025
access_token.py started at Fri Feb 28 10:00:01 UTC 2025
access_token.py ended at Fri Feb 28 10:00:02 UTC 2025
script.py started at Fri Feb 28 11:00:02 UTC 2025
script.py ended at Fri Feb 28 11:00:10 UTC 2025
access_token.py started at Sat Mar  1 10:00:02 UTC 2025
access_token.py ended at Sat Mar  1 10:00:03 UTC 2025
script.py started at Sat Mar  1 11:00:01 UTC 2025
script.py ended at Sat Mar  1 11:00:07 UTC 2025
access_token.py started at Sun Mar  2 10:00:02 UTC 2025
access_token.py ended at Sun Mar  2 10:00:02 UTC 2025
script.py started at Sun Mar  2 11:00:02 UTC 2025
script.py ended at Sun Mar  2 11:00:07 UTC 2025
access_token.py started at Mon Mar  3 10:00:02 UTC 2025
access_token.py ended at Mon Mar  3 10:00:03 UTC 2025
script.py started at Mon Mar  3 11:00:01 UTC 2025
script.py ended at Mon Mar  3 11:00:08 UTC 2025
access_token.py started at Tue Mar  4 10:00:01 UTC 2025
access_token.py ended at Tue Mar  4 10:00:02 UTC 2025
script.py started at Tue Mar  4 11:00:01 UTC 2025
script.py ended at Tue Mar  4 11:00:07 UTC 2025
access_token.py started at Wed Mar  5 10:00:01 UTC 2025
access_token.py ended at Wed Mar  5 10:00:02 UTC 2025
script.py started at Wed Mar  5 11:00:02 UTC 2025
script.py ended at Wed Mar  5 11:03:39 UTC 2025
access_token.py started at Thu Mar  6 10:00:02 UTC 2025
access_token.py ended at Thu Mar  6 10:00:03 UTC 2025
script.py started at Thu Mar  6 11:00:01 UTC 2025
script.py ended at Thu Mar  6 11:02:26 UTC 2025
access_token.py started at Fri Mar  7 10:00:02 UTC 2025
access_token.py ended at Fri Mar  7 10:00:03 UTC 2025
script.py started at Fri Mar  7 11:00:01 UTC 2025
script.py ended at Fri Mar  7 11:00:07 UTC 2025
access_token.py started at Sat Mar  8 10:00:01 UTC 2025
access_token.py ended at Sat Mar  8 10:00:02 UTC 2025
script.py started at Sat Mar  8 11:00:02 UTC 2025
script.py ended at Sat Mar  8 11:02:59 UTC 2025
access_token.py started at Sun Mar  9 10:00:02 UTC 2025
access_token.py ended at Sun Mar  9 10:00:02 UTC 2025
script.py started at Sun Mar  9 11:00:02 UTC 2025
script.py ended at Sun Mar  9 11:00:41 UTC 2025
access_token.py started at Mon Mar 10 10:00:02 UTC 2025
access_token.py ended at Mon Mar 10 10:00:03 UTC 2025
script.py started at Mon Mar 10 11:00:02 UTC 2025
script.py ended at Mon Mar 10 11:01:12 UTC 2025
access_token.py started at Tue Mar 11 10:00:02 UTC 2025
access_token.py ended at Tue Mar 11 10:00:02 UTC 2025
script.py started at Tue Mar 11 11:00:02 UTC 2025
script.py ended at Tue Mar 11 11:00:42 UTC 2025
access_token.py started at Wed Mar 12 10:00:01 UTC 2025
access_token.py ended at Wed Mar 12 10:00:02 UTC 2025
script.py started at Wed Mar 12 11:00:02 UTC 2025
script.py ended at Wed Mar 12 11:01:51 UTC 2025
access_token.py started at Thu Mar 13 10:00:02 UTC 2025
access_token.py ended at Thu Mar 13 10:00:02 UTC 2025
script.py started at Thu Mar 13 11:00:02 UTC 2025
script.py ended at Thu Mar 13 11:03:10 UTC 2025
access_token.py started at Fri Mar 14 10:00:01 UTC 2025
access_token.py ended at Fri Mar 14 10:00:03 UTC 2025
script.py started at Fri Mar 14 11:00:02 UTC 2025
script.py ended at Fri Mar 14 11:08:02 UTC 2025
access_token.py started at Sat Mar 15 10:00:02 UTC 2025
access_token.py ended at Sat Mar 15 10:00:03 UTC 2025
script.py started at Sat Mar 15 11:00:01 UTC 2025
script.py ended at Sat Mar 15 11:00:41 UTC 2025
access_token.py started at Sun Mar 16 10:00:02 UTC 2025
access_token.py ended at Sun Mar 16 10:00:02 UTC 2025
script.py started at Sun Mar 16 11:00:02 UTC 2025
script.py ended at Sun Mar 16 11:00:41 UTC 2025
access_token.py started at Mon Mar 17 10:00:01 UTC 2025
access_token.py ended at Mon Mar 17 10:00:02 UTC 2025
script.py started at Mon Mar 17 11:00:02 UTC 2025
script.py ended at Mon Mar 17 11:00:41 UTC 2025
access_token.py started at Tue Mar 18 10:00:02 UTC 2025
access_token.py ended at Tue Mar 18 10:00:03 UTC 2025
script.py started at Tue Mar 18 11:00:01 UTC 2025
script.py ended at Tue Mar 18 11:02:26 UTC 2025
access_token.py started at Wed Mar 19 10:00:02 UTC 2025
access_token.py ended at Wed Mar 19 10:00:03 UTC 2025
script.py started at Wed Mar 19 11:00:01 UTC 2025
script.py ended at Wed Mar 19 11:01:17 UTC 2025
access_token.py started at Thu Mar 20 10:00:01 UTC 2025
access_token.py ended at Thu Mar 20 10:00:02 UTC 2025
script.py started at Thu Mar 20 11:00:01 UTC 2025
script.py ended at Thu Mar 20 11:03:37 UTC 2025
access_token.py started at Fri Mar 21 10:00:01 UTC 2025
access_token.py ended at Fri Mar 21 10:00:02 UTC 2025
script.py started at Fri Mar 21 11:00:02 UTC 2025
script.py ended at Fri Mar 21 11:01:53 UTC 2025
access_token.py started at Sat Mar 22 10:00:02 UTC 2025
access_token.py ended at Sat Mar 22 10:00:02 UTC 2025
script.py started at Sat Mar 22 11:00:02 UTC 2025
script.py ended at Sat Mar 22 11:03:40 UTC 2025
access_token.py started at Sun Mar 23 10:00:02 UTC 2025
access_token.py ended at Sun Mar 23 10:00:03 UTC 2025
script.py started at Sun Mar 23 11:00:01 UTC 2025
script.py ended at Sun Mar 23 11:01:50 UTC 2025
access_token.py started at Mon Mar 24 10:00:02 UTC 2025
access_token.py ended at Mon Mar 24 10:00:03 UTC 2025
script.py started at Mon Mar 24 11:00:01 UTC 2025
script.py ended at Mon Mar 24 11:01:50 UTC 2025
access_token.py started at Tue Mar 25 10:00:02 UTC 2025
access_token.py ended at Tue Mar 25 10:00:02 UTC 2025
script.py started at Tue Mar 25 11:00:01 UTC 2025
script.py ended at Tue Mar 25 11:01:18 UTC 2025
access_token.py started at Wed Mar 26 10:00:01 UTC 2025
access_token.py ended at Wed Mar 26 10:00:02 UTC 2025
script.py started at Wed Mar 26 11:00:02 UTC 2025
script.py ended at Wed Mar 26 11:03:41 UTC 2025
access_token.py started at Thu Mar 27 10:00:01 UTC 2025
access_token.py ended at Thu Mar 27 10:00:02 UTC 2025
script.py started at Thu Mar 27 11:00:02 UTC 2025
script.py ended at Thu Mar 27 11:01:52 UTC 2025
access_token.py started at Fri Mar 28 10:00:02 UTC 2025
access_token.py ended at Fri Mar 28 10:00:02 UTC 2025
script.py started at Fri Mar 28 11:00:01 UTC 2025
script.py ended at Fri Mar 28 11:03:36 UTC 2025
access_token.py started at Sat Mar 29 10:00:01 UTC 2025
access_token.py ended at Sat Mar 29 10:00:03 UTC 2025
script.py started at Sat Mar 29 11:00:01 UTC 2025
script.py ended at Sat Mar 29 11:00:42 UTC 2025
access_token.py started at Sun Mar 30 10:00:01 UTC 2025
access_token.py ended at Sun Mar 30 10:00:02 UTC 2025
script.py started at Sun Mar 30 11:00:02 UTC 2025
script.py ended at Sun Mar 30 11:01:49 UTC 2025
access_token.py started at Mon Mar 31 10:00:01 UTC 2025
access_token.py ended at Mon Mar 31 10:00:02 UTC 2025
script.py started at Mon Mar 31 11:00:02 UTC 2025
script.py ended at Mon Mar 31 11:00:41 UTC 2025
access_token.py started at Tue Apr  1 10:00:02 UTC 2025
access_token.py ended at Tue Apr  1 10:00:02 UTC 2025
script.py started at Tue Apr  1 11:00:02 UTC 2025
script.py ended at Tue Apr  1 11:03:00 UTC 2025
access_token.py started at Wed Apr  2 10:00:01 UTC 2025
access_token.py ended at Wed Apr  2 10:00:02 UTC 2025
script.py started at Wed Apr  2 11:00:02 UTC 2025
script.py ended at Wed Apr  2 11:03:13 UTC 2025
access_token.py started at Thu Apr  3 10:00:02 UTC 2025
access_token.py ended at Thu Apr  3 10:00:03 UTC 2025
script.py started at Thu Apr  3 11:00:02 UTC 2025
script.py ended at Thu Apr  3 11:02:31 UTC 2025
access_token.py started at Fri Apr  4 10:00:02 UTC 2025
access_token.py ended at Fri Apr  4 10:00:02 UTC 2025
script.py started at Fri Apr  4 11:00:02 UTC 2025
script.py ended at Fri Apr  4 11:03:05 UTC 2025
access_token.py started at Sat Apr  5 10:00:02 UTC 2025
access_token.py ended at Sat Apr  5 10:00:03 UTC 2025
script.py started at Sat Apr  5 11:00:02 UTC 2025
script.py ended at Sat Apr  5 11:01:54 UTC 2025
access_token.py started at Sun Apr  6 10:00:02 UTC 2025
access_token.py ended at Sun Apr  6 10:00:03 UTC 2025
script.py started at Sun Apr  6 11:00:02 UTC 2025
script.py ended at Sun Apr  6 11:03:01 UTC 2025
access_token.py started at Mon Apr  7 10:00:02 UTC 2025
access_token.py ended at Mon Apr  7 10:00:03 UTC 2025
script.py started at Mon Apr  7 11:00:02 UTC 2025
script.py ended at Mon Apr  7 11:01:53 UTC 2025
access_token.py started at Tue Apr  8 10:00:02 UTC 2025
access_token.py ended at Tue Apr  8 10:00:03 UTC 2025
script.py started at Tue Apr  8 11:00:02 UTC 2025
script.py ended at Tue Apr  8 11:01:57 UTC 2025
access_token.py started at Wed Apr  9 10:00:01 UTC 2025
access_token.py ended at Wed Apr  9 10:00:02 UTC 2025
script.py started at Wed Apr  9 11:00:02 UTC 2025
script.py ended at Wed Apr  9 11:03:01 UTC 2025
access_token.py started at Thu Apr 10 10:00:01 UTC 2025
access_token.py ended at Thu Apr 10 10:00:02 UTC 2025
script.py started at Thu Apr 10 11:00:02 UTC 2025
script.py ended at Thu Apr 10 11:01:57 UTC 2025
access_token.py started at Fri Apr 11 10:00:02 UTC 2025
access_token.py ended at Fri Apr 11 10:00:03 UTC 2025
script.py started at Fri Apr 11 11:00:01 UTC 2025
script.py ended at Fri Apr 11 11:01:49 UTC 2025
access_token.py started at Sat Apr 12 10:00:01 UTC 2025
access_token.py ended at Sat Apr 12 10:00:03 UTC 2025
script.py started at Sat Apr 12 11:00:01 UTC 2025
script.py ended at Sat Apr 12 11:01:49 UTC 2025
access_token.py started at Sun Apr 13 10:00:02 UTC 2025
access_token.py ended at Sun Apr 13 10:00:03 UTC 2025
script.py started at Sun Apr 13 11:00:01 UTC 2025
script.py ended at Sun Apr 13 11:01:52 UTC 2025
access_token.py started at Mon Apr 14 10:00:02 UTC 2025
access_token.py ended at Mon Apr 14 10:00:02 UTC 2025
script.py started at Mon Apr 14 11:00:02 UTC 2025
script.py ended at Mon Apr 14 11:01:51 UTC 2025
access_token.py started at Tue Apr 15 10:00:02 UTC 2025
access_token.py ended at Tue Apr 15 10:00:03 UTC 2025
script.py started at Tue Apr 15 11:00:02 UTC 2025
script.py ended at Tue Apr 15 11:02:27 UTC 2025
access_token.py started at Wed Apr 16 10:00:01 UTC 2025
access_token.py ended at Wed Apr 16 10:00:02 UTC 2025
script.py started at Wed Apr 16 11:00:02 UTC 2025
script.py ended at Wed Apr 16 11:01:54 UTC 2025
access_token.py started at Thu Apr 17 10:00:02 UTC 2025
access_token.py ended at Thu Apr 17 10:00:03 UTC 2025
script.py started at Thu Apr 17 11:00:02 UTC 2025
script.py ended at Thu Apr 17 11:03:39 UTC 2025
access_token.py started at Fri Apr 18 10:00:02 UTC 2025
access_token.py ended at Fri Apr 18 10:00:03 UTC 2025
script.py started at Fri Apr 18 11:00:02 UTC 2025
script.py ended at Fri Apr 18 11:01:53 UTC 2025
access_token.py started at Sat Apr 19 10:00:02 UTC 2025
access_token.py ended at Sat Apr 19 10:00:04 UTC 2025
script.py started at Sat Apr 19 11:00:01 UTC 2025
script.py ended at Sat Apr 19 11:01:52 UTC 2025
access_token.py started at Sun Apr 20 10:00:02 UTC 2025
access_token.py ended at Sun Apr 20 10:00:03 UTC 2025
script.py started at Sun Apr 20 11:00:02 UTC 2025
script.py ended at Sun Apr 20 11:00:42 UTC 2025
access_token.py started at Mon Apr 21 10:00:02 UTC 2025
access_token.py ended at Mon Apr 21 10:00:02 UTC 2025
script.py started at Mon Apr 21 11:00:01 UTC 2025
script.py ended at Mon Apr 21 11:01:51 UTC 2025
access_token.py started at Tue Apr 22 10:00:02 UTC 2025
access_token.py ended at Tue Apr 22 10:00:02 UTC 2025
script.py started at Tue Apr 22 11:00:02 UTC 2025
script.py ended at Tue Apr 22 11:01:53 UTC 2025
access_token.py started at Wed Apr 23 10:00:01 UTC 2025
access_token.py ended at Wed Apr 23 10:00:02 UTC 2025
script.py started at Wed Apr 23 11:00:02 UTC 2025
script.py ended at Wed Apr 23 11:02:21 UTC 2025
access_token.py started at Thu Apr 24 10:00:02 UTC 2025
access_token.py ended at Thu Apr 24 10:00:02 UTC 2025
script.py started at Thu Apr 24 11:00:02 UTC 2025
script.py ended at Thu Apr 24 11:01:49 UTC 2025
access_token.py started at Fri Apr 25 10:00:02 UTC 2025
access_token.py ended at Fri Apr 25 10:00:02 UTC 2025
script.py started at Fri Apr 25 11:00:02 UTC 2025
script.py ended at Fri Apr 25 11:01:50 UTC 2025
access_token.py started at Sat Apr 26 10:00:02 UTC 2025
access_token.py ended at Sat Apr 26 10:00:03 UTC 2025
script.py started at Sat Apr 26 11:00:01 UTC 2025
script.py ended at Sat Apr 26 11:01:58 UTC 2025
access_token.py started at Sun Apr 27 10:00:02 UTC 2025
access_token.py ended at Sun Apr 27 10:00:03 UTC 2025
script.py started at Sun Apr 27 11:00:01 UTC 2025
script.py ended at Sun Apr 27 11:01:49 UTC 2025
access_token.py started at Mon Apr 28 10:00:01 UTC 2025
access_token.py ended at Mon Apr 28 10:00:02 UTC 2025
script.py started at Mon Apr 28 11:00:01 UTC 2025
script.py ended at Mon Apr 28 11:01:49 UTC 2025
access_token.py started at Tue Apr 29 10:00:01 UTC 2025
access_token.py ended at Tue Apr 29 10:00:02 UTC 2025
script.py started at Tue Apr 29 11:00:01 UTC 2025
script.py ended at Tue Apr 29 11:01:49 UTC 2025
access_token.py started at Wed Apr 30 10:00:01 UTC 2025
access_token.py ended at Wed Apr 30 10:00:02 UTC 2025
script.py started at Wed Apr 30 11:00:01 UTC 2025
script.py ended at Wed Apr 30 11:03:01 UTC 2025
access_token.py started at Thu May  1 10:00:02 UTC 2025
access_token.py ended at Thu May  1 10:00:02 UTC 2025
script.py started at Thu May  1 11:00:01 UTC 2025
script.py ended at Thu May  1 11:01:51 UTC 2025
access_token.py started at Fri May  2 10:00:02 UTC 2025
access_token.py ended at Fri May  2 10:00:02 UTC 2025
script.py started at Fri May  2 11:00:02 UTC 2025
script.py ended at Fri May  2 11:01:46 UTC 2025
access_token.py started at Sat May  3 10:00:01 UTC 2025
access_token.py ended at Sat May  3 10:00:02 UTC 2025
script.py started at Sat May  3 11:00:01 UTC 2025
script.py ended at Sat May  3 11:01:51 UTC 2025
access_token.py started at Sun May  4 10:00:02 UTC 2025
access_token.py ended at Sun May  4 10:00:03 UTC 2025
script.py started at Sun May  4 11:00:01 UTC 2025
script.py ended at Sun May  4 11:01:50 UTC 2025
access_token.py started at Mon May  5 10:00:01 UTC 2025
access_token.py ended at Mon May  5 10:00:02 UTC 2025
script.py started at Mon May  5 11:00:01 UTC 2025
script.py ended at Mon May  5 11:00:40 UTC 2025
access_token.py started at Tue May  6 10:00:01 UTC 2025
access_token.py ended at Tue May  6 10:00:02 UTC 2025
script.py started at Tue May  6 11:00:01 UTC 2025
script.py ended at Tue May  6 11:02:59 UTC 2025
access_token.py started at Wed May  7 10:00:01 UTC 2025
access_token.py ended at Wed May  7 10:00:02 UTC 2025
script.py started at Wed May  7 11:00:01 UTC 2025
script.py ended at Wed May  7 11:01:52 UTC 2025
access_token.py started at Thu May  8 10:00:01 UTC 2025
access_token.py ended at Thu May  8 10:00:02 UTC 2025
script.py started at Thu May  8 11:00:01 UTC 2025
script.py ended at Thu May  8 11:01:51 UTC 2025
access_token.py started at Fri May  9 10:00:01 UTC 2025
access_token.py ended at Fri May  9 10:00:02 UTC 2025
script.py started at Fri May  9 11:00:01 UTC 2025
script.py ended at Fri May  9 11:02:23 UTC 2025
access_token.py started at Sat May 10 10:00:01 UTC 2025
access_token.py ended at Sat May 10 10:00:02 UTC 2025
script.py started at Sat May 10 11:00:01 UTC 2025
script.py ended at Sat May 10 11:01:49 UTC 2025
access_token.py started at Sun May 11 10:00:01 UTC 2025
access_token.py ended at Sun May 11 10:00:02 UTC 2025
script.py started at Sun May 11 11:00:01 UTC 2025
script.py ended at Sun May 11 11:01:48 UTC 2025
access_token.py started at Mon May 12 10:00:01 UTC 2025
access_token.py ended at Mon May 12 10:00:03 UTC 2025
script.py started at Mon May 12 11:00:01 UTC 2025
script.py ended at Mon May 12 11:01:49 UTC 2025
access_token.py started at Tue May 13 10:00:01 UTC 2025
access_token.py ended at Tue May 13 10:00:02 UTC 2025
script.py started at Tue May 13 11:00:01 UTC 2025
script.py ended at Tue May 13 11:03:00 UTC 2025
access_token.py started at Wed May 14 10:00:01 UTC 2025
access_token.py ended at Wed May 14 10:00:02 UTC 2025
script.py started at Wed May 14 11:00:01 UTC 2025
script.py ended at Wed May 14 11:01:53 UTC 2025
access_token.py started at Thu May 15 10:00:01 UTC 2025
access_token.py ended at Thu May 15 10:00:02 UTC 2025
script.py started at Thu May 15 11:00:01 UTC 2025
script.py ended at Thu May 15 11:02:28 UTC 2025
access_token.py started at Fri May 16 10:00:01 UTC 2025
access_token.py ended at Fri May 16 10:00:02 UTC 2025
script.py started at Fri May 16 11:00:01 UTC 2025
script.py ended at Fri May 16 11:01:50 UTC 2025
access_token.py started at Sat May 17 10:00:01 UTC 2025
access_token.py ended at Sat May 17 10:00:02 UTC 2025
script.py started at Sat May 17 11:00:01 UTC 2025
script.py ended at Sat May 17 11:01:52 UTC 2025
access_token.py started at Sun May 18 10:00:02 UTC 2025
access_token.py ended at Sun May 18 10:00:02 UTC 2025
script.py started at Sun May 18 11:00:01 UTC 2025
script.py ended at Sun May 18 11:01:51 UTC 2025
access_token.py started at Mon May 19 10:00:01 UTC 2025
access_token.py ended at Mon May 19 10:00:01 UTC 2025
script.py started at Mon May 19 11:00:02 UTC 2025
script.py ended at Mon May 19 11:01:51 UTC 2025
access_token.py started at Tue May 20 10:00:01 UTC 2025
access_token.py ended at Tue May 20 10:00:02 UTC 2025
script.py started at Tue May 20 11:00:01 UTC 2025
script.py ended at Tue May 20 11:01:51 UTC 2025
access_token.py started at Wed May 21 10:00:01 UTC 2025
access_token.py ended at Wed May 21 10:00:03 UTC 2025
script.py started at Wed May 21 11:00:01 UTC 2025
script.py ended at Wed May 21 11:01:46 UTC 2025
access_token.py started at Thu May 22 10:00:01 UTC 2025
access_token.py ended at Thu May 22 10:00:02 UTC 2025
script.py started at Thu May 22 11:00:01 UTC 2025
script.py ended at Thu May 22 11:01:55 UTC 2025
access_token.py started at Fri May 23 10:00:02 UTC 2025
access_token.py ended at Fri May 23 10:00:02 UTC 2025
script.py started at Fri May 23 11:00:01 UTC 2025
script.py ended at Fri May 23 11:01:50 UTC 2025
access_token.py started at Sat May 24 10:00:01 UTC 2025
access_token.py ended at Sat May 24 10:00:02 UTC 2025
script.py started at Sat May 24 11:00:01 UTC 2025
script.py ended at Sat May 24 11:03:30 UTC 2025
access_token.py started at Sun May 25 10:00:01 UTC 2025
access_token.py ended at Sun May 25 10:00:02 UTC 2025
script.py started at Sun May 25 11:00:01 UTC 2025
script.py ended at Sun May 25 11:00:40 UTC 2025
access_token.py started at Mon May 26 10:00:01 UTC 2025
access_token.py ended at Mon May 26 10:00:02 UTC 2025
script.py started at Mon May 26 11:00:01 UTC 2025
script.py ended at Mon May 26 11:01:51 UTC 2025
access_token.py started at Tue May 27 10:00:01 UTC 2025
access_token.py ended at Tue May 27 10:00:02 UTC 2025
script.py started at Tue May 27 11:00:01 UTC 2025
script.py ended at Tue May 27 11:02:20 UTC 2025
access_token.py started at Wed May 28 10:00:01 UTC 2025
access_token.py ended at Wed May 28 10:00:02 UTC 2025
script.py started at Wed May 28 11:00:01 UTC 2025
script.py ended at Wed May 28 11:02:59 UTC 2025
access_token.py started at Thu May 29 10:00:01 UTC 2025
access_token.py ended at Thu May 29 10:00:02 UTC 2025
script.py started at Thu May 29 11:00:01 UTC 2025
script.py ended at Thu May 29 11:01:52 UTC 2025
access_token.py started at Fri May 30 10:00:01 UTC 2025
access_token.py ended at Fri May 30 10:00:02 UTC 2025
script.py started at Fri May 30 11:00:01 UTC 2025
script.py ended at Fri May 30 11:03:11 UTC 2025
access_token.py started at Sat May 31 10:00:02 UTC 2025
access_token.py ended at Sat May 31 10:00:02 UTC 2025
script.py started at Sat May 31 11:00:01 UTC 2025
script.py ended at Sat May 31 11:04:01 UTC 2025
access_token.py started at Sun Jun  1 10:00:01 UTC 2025
access_token.py ended at Sun Jun  1 10:00:02 UTC 2025
script.py started at Sun Jun  1 11:00:01 UTC 2025
script.py ended at Sun Jun  1 11:01:49 UTC 2025
access_token.py started at Mon Jun  2 10:00:01 UTC 2025
access_token.py ended at Mon Jun  2 10:00:02 UTC 2025
script.py started at Mon Jun  2 11:00:01 UTC 2025
script.py ended at Mon Jun  2 11:01:51 UTC 2025
access_token.py started at Tue Jun  3 10:00:01 UTC 2025
access_token.py ended at Tue Jun  3 10:00:02 UTC 2025
script.py started at Tue Jun  3 11:00:01 UTC 2025
script.py ended at Tue Jun  3 11:01:51 UTC 2025
access_token.py started at Wed Jun  4 10:00:02 UTC 2025
access_token.py ended at Wed Jun  4 10:00:02 UTC 2025
script.py started at Wed Jun  4 11:00:01 UTC 2025
script.py ended at Wed Jun  4 11:03:28 UTC 2025
access_token.py started at Thu Jun  5 10:00:02 UTC 2025
access_token.py ended at Thu Jun  5 10:00:02 UTC 2025
script.py started at Thu Jun  5 11:00:01 UTC 2025
script.py ended at Thu Jun  5 11:00:41 UTC 2025
access_token.py started at Fri Jun  6 10:00:01 UTC 2025
access_token.py ended at Fri Jun  6 10:00:02 UTC 2025
script.py started at Fri Jun  6 11:00:02 UTC 2025
script.py ended at Fri Jun  6 11:01:53 UTC 2025
access_token.py started at Sat Jun  7 10:00:01 UTC 2025
access_token.py ended at Sat Jun  7 10:00:02 UTC 2025
script.py started at Sat Jun  7 11:00:02 UTC 2025
script.py ended at Sat Jun  7 11:03:28 UTC 2025
access_token.py started at Sun Jun  8 10:00:01 UTC 2025
access_token.py ended at Sun Jun  8 10:00:02 UTC 2025
script.py started at Sun Jun  8 11:00:01 UTC 2025
script.py ended at Sun Jun  8 11:00:40 UTC 2025
access_token.py started at Mon Jun  9 10:00:01 UTC 2025
access_token.py ended at Mon Jun  9 10:00:02 UTC 2025
script.py started at Mon Jun  9 11:00:01 UTC 2025
script.py ended at Mon Jun  9 11:01:10 UTC 2025
access_token.py started at Tue Jun 10 10:00:01 UTC 2025
access_token.py ended at Tue Jun 10 10:00:02 UTC 2025
script.py started at Tue Jun 10 11:00:01 UTC 2025
script.py ended at Tue Jun 10 11:02:20 UTC 2025
access_token.py started at Wed Jun 11 10:00:01 UTC 2025
access_token.py ended at Wed Jun 11 10:00:02 UTC 2025
script.py started at Wed Jun 11 11:00:01 UTC 2025
script.py ended at Wed Jun 11 11:01:49 UTC 2025
access_token.py started at Thu Jun 12 10:00:01 UTC 2025
access_token.py ended at Thu Jun 12 10:00:02 UTC 2025
script.py started at Thu Jun 12 11:00:01 UTC 2025
script.py ended at Thu Jun 12 11:01:51 UTC 2025
access_token.py started at Fri Jun 13 10:00:01 UTC 2025
access_token.py ended at Fri Jun 13 10:00:03 UTC 2025
script.py started at Fri Jun 13 11:00:01 UTC 2025
script.py ended at Fri Jun 13 11:01:51 UTC 2025
access_token.py started at Sat Jun 14 10:00:01 UTC 2025
access_token.py ended at Sat Jun 14 10:00:02 UTC 2025
script.py started at Sat Jun 14 11:00:01 UTC 2025
script.py ended at Sat Jun 14 11:05:06 UTC 2025
access_token.py started at Sun Jun 15 10:00:01 UTC 2025
access_token.py ended at Sun Jun 15 10:00:01 UTC 2025
script.py started at Sun Jun 15 11:00:02 UTC 2025
script.py ended at Sun Jun 15 11:01:13 UTC 2025
access_token.py started at Mon Jun 16 10:00:01 UTC 2025
access_token.py ended at Mon Jun 16 10:00:03 UTC 2025
script.py started at Mon Jun 16 11:00:01 UTC 2025
script.py ended at Mon Jun 16 11:01:12 UTC 2025
access_token.py started at Tue Jun 17 10:00:01 UTC 2025
access_token.py ended at Tue Jun 17 10:00:03 UTC 2025
script.py started at Tue Jun 17 11:00:01 UTC 2025
script.py ended at Tue Jun 17 11:00:07 UTC 2025
access_token.py started at Wed Jun 18 10:00:01 UTC 2025
access_token.py ended at Wed Jun 18 10:00:02 UTC 2025
script.py started at Wed Jun 18 11:00:01 UTC 2025
script.py ended at Wed Jun 18 11:01:12 UTC 2025
access_token.py started at Thu Jun 19 10:00:01 UTC 2025
access_token.py ended at Thu Jun 19 10:00:02 UTC 2025
script.py started at Thu Jun 19 11:00:01 UTC 2025
script.py ended at Thu Jun 19 11:01:15 UTC 2025
access_token.py started at Fri Jun 20 10:00:01 UTC 2025
access_token.py ended at Fri Jun 20 10:00:03 UTC 2025
script.py started at Fri Jun 20 11:00:01 UTC 2025
script.py ended at Fri Jun 20 11:02:39 UTC 2025
access_token.py started at Sat Jun 21 10:00:01 UTC 2025
access_token.py ended at Sat Jun 21 10:00:02 UTC 2025
script.py started at Sat Jun 21 11:00:01 UTC 2025
script.py ended at Sat Jun 21 11:01:14 UTC 2025
access_token.py started at Sun Jun 22 10:00:02 UTC 2025
access_token.py ended at Sun Jun 22 10:00:02 UTC 2025
script.py started at Sun Jun 22 11:00:02 UTC 2025
script.py ended at Sun Jun 22 11:01:14 UTC 2025
access_token.py started at Mon Jun 23 10:00:01 UTC 2025
access_token.py ended at Mon Jun 23 10:00:02 UTC 2025
script.py started at Mon Jun 23 11:00:01 UTC 2025
script.py ended at Mon Jun 23 11:01:51 UTC 2025
access_token.py started at Tue Jun 24 10:00:01 UTC 2025
access_token.py ended at Tue Jun 24 10:00:02 UTC 2025
script.py started at Tue Jun 24 11:00:01 UTC 2025
script.py ended at Tue Jun 24 11:01:17 UTC 2025
access_token.py started at Wed Jun 25 10:00:02 UTC 2025
access_token.py ended at Wed Jun 25 10:00:02 UTC 2025
script.py started at Wed Jun 25 11:00:01 UTC 2025
script.py ended at Wed Jun 25 11:00:40 UTC 2025
access_token.py started at Thu Jun 26 10:00:01 UTC 2025
access_token.py ended at Thu Jun 26 10:00:02 UTC 2025
script.py started at Thu Jun 26 11:00:01 UTC 2025
script.py ended at Thu Jun 26 11:00:40 UTC 2025
access_token.py started at Fri Jun 27 10:00:01 UTC 2025
access_token.py ended at Fri Jun 27 10:00:02 UTC 2025
script.py started at Fri Jun 27 11:00:01 UTC 2025
script.py ended at Fri Jun 27 11:01:53 UTC 2025
access_token.py started at Sat Jun 28 10:00:01 UTC 2025
access_token.py ended at Sat Jun 28 10:00:02 UTC 2025
script.py started at Sat Jun 28 11:00:01 UTC 2025
script.py ended at Sat Jun 28 11:03:33 UTC 2025
access_token.py started at Sun Jun 29 10:00:02 UTC 2025
access_token.py ended at Sun Jun 29 10:00:02 UTC 2025
script.py started at Sun Jun 29 11:00:02 UTC 2025
script.py ended at Sun Jun 29 11:00:40 UTC 2025
access_token.py started at Mon Jun 30 10:00:01 UTC 2025
access_token.py ended at Mon Jun 30 10:00:02 UTC 2025
script.py started at Mon Jun 30 11:00:01 UTC 2025
script.py ended at Mon Jun 30 11:01:21 UTC 2025
access_token.py started at Tue Jul  1 10:00:01 UTC 2025
access_token.py ended at Tue Jul  1 10:00:01 UTC 2025
script.py started at Tue Jul  1 11:00:01 UTC 2025
script.py ended at Tue Jul  1 11:02:30 UTC 2025
access_token.py started at Wed Jul  2 10:00:01 UTC 2025
access_token.py ended at Wed Jul  2 10:00:02 UTC 2025
script.py started at Wed Jul  2 11:00:01 UTC 2025
script.py ended at Wed Jul  2 11:02:38 UTC 2025
access_token.py started at Thu Jul  3 10:00:02 UTC 2025
access_token.py ended at Thu Jul  3 10:00:02 UTC 2025
script.py started at Thu Jul  3 11:00:01 UTC 2025
script.py ended at Thu Jul  3 11:02:25 UTC 2025
access_token.py started at Fri Jul  4 10:00:01 UTC 2025
access_token.py ended at Fri Jul  4 10:00:03 UTC 2025
script.py started at Fri Jul  4 11:00:01 UTC 2025
script.py ended at Fri Jul  4 11:00:06 UTC 2025
access_token.py started at Sat Jul  5 10:00:01 UTC 2025
access_token.py ended at Sat Jul  5 10:00:02 UTC 2025
script.py started at Sat Jul  5 11:00:01 UTC 2025
script.py ended at Sat Jul  5 11:01:48 UTC 2025
access_token.py started at Sun Jul  6 10:00:01 UTC 2025
access_token.py ended at Sun Jul  6 10:00:02 UTC 2025
script.py started at Sun Jul  6 11:00:01 UTC 2025
script.py ended at Sun Jul  6 11:00:06 UTC 2025
access_token.py started at Mon Jul  7 10:00:01 UTC 2025
access_token.py ended at Mon Jul  7 10:00:01 UTC 2025
script.py started at Mon Jul  7 11:00:01 UTC 2025
script.py ended at Mon Jul  7 11:02:23 UTC 2025
access_token.py started at Tue Jul  8 10:00:01 UTC 2025
access_token.py ended at Tue Jul  8 10:00:02 UTC 2025
script.py started at Tue Jul  8 11:00:01 UTC 2025
script.py ended at Tue Jul  8 11:02:35 UTC 2025
access_token.py started at Wed Jul  9 10:00:01 UTC 2025
access_token.py ended at Wed Jul  9 10:00:02 UTC 2025
script.py started at Wed Jul  9 11:00:02 UTC 2025
script.py ended at Wed Jul  9 11:01:59 UTC 2025
access_token.py started at Wed Jul  9 15:00:01 UTC 2025
access_token.py ended at Wed Jul  9 15:00:01 UTC 2025
script.py started at Wed Jul  9 16:00:01 UTC 2025
script.py ended at Wed Jul  9 16:02:50 UTC 2025
access_token.py started at Thu Jul 10 08:00:01 UTC 2025
access_token.py ended at Thu Jul 10 08:00:02 UTC 2025
script.py started at Thu Jul 10 09:00:01 UTC 2025
script.py ended at Thu Jul 10 09:01:15 UTC 2025
access_token.py started at Thu Jul 10 15:00:01 UTC 2025
access_token.py ended at Thu Jul 10 15:00:01 UTC 2025
script.py started at Thu Jul 10 16:00:01 UTC 2025
script.py ended at Thu Jul 10 16:01:20 UTC 2025
access_token.py started at Fri Jul 11 08:00:02 UTC 2025
access_token.py ended at Fri Jul 11 08:00:03 UTC 2025
script.py started at Fri Jul 11 09:00:01 UTC 2025
script.py ended at Fri Jul 11 09:02:26 UTC 2025
access_token.py started at Fri Jul 11 15:00:01 UTC 2025
access_token.py ended at Fri Jul 11 15:00:01 UTC 2025
script.py started at Fri Jul 11 16:00:01 UTC 2025
script.py ended at Fri Jul 11 16:00:45 UTC 2025
access_token.py started at Sat Jul 12 08:00:02 UTC 2025
access_token.py ended at Sat Jul 12 08:00:02 UTC 2025
script.py started at Sat Jul 12 09:00:02 UTC 2025
script.py ended at Sat Jul 12 09:02:00 UTC 2025
access_token.py started at Sat Jul 12 15:00:01 UTC 2025
access_token.py ended at Sat Jul 12 15:00:02 UTC 2025
script.py started at Sat Jul 12 16:00:01 UTC 2025
script.py ended at Sat Jul 12 16:00:41 UTC 2025
access_token.py started at Sun Jul 13 08:00:01 UTC 2025
access_token.py ended at Sun Jul 13 08:00:01 UTC 2025
script.py started at Sun Jul 13 09:00:01 UTC 2025
script.py ended at Sun Jul 13 09:01:15 UTC 2025
access_token.py started at Sun Jul 13 15:00:02 UTC 2025
access_token.py ended at Sun Jul 13 15:00:02 UTC 2025
script.py started at Sun Jul 13 16:00:01 UTC 2025
script.py ended at Sun Jul 13 16:00:11 UTC 2025
access_token.py started at Mon Jul 14 08:00:01 UTC 2025
access_token.py ended at Mon Jul 14 08:00:02 UTC 2025
script.py started at Mon Jul 14 09:00:01 UTC 2025
script.py ended at Mon Jul 14 09:00:45 UTC 2025
access_token.py started at Mon Jul 14 15:00:01 UTC 2025
access_token.py ended at Mon Jul 14 15:00:02 UTC 2025
script.py started at Mon Jul 14 16:00:01 UTC 2025
script.py ended at Mon Jul 14 16:03:19 UTC 2025
access_token.py started at Tue Jul 15 08:00:01 UTC 2025
access_token.py ended at Tue Jul 15 08:00:02 UTC 2025
script.py started at Tue Jul 15 09:00:01 UTC 2025
script.py ended at Tue Jul 15 09:02:10 UTC 2025
access_token.py started at Tue Jul 15 15:00:01 UTC 2025
access_token.py ended at Tue Jul 15 15:00:02 UTC 2025
script.py started at Tue Jul 15 16:00:01 UTC 2025
script.py ended at Tue Jul 15 16:04:56 UTC 2025
access_token.py started at Wed Jul 16 08:00:01 UTC 2025
access_token.py ended at Wed Jul 16 08:00:01 UTC 2025
script.py started at Wed Jul 16 09:00:01 UTC 2025
script.py ended at Wed Jul 16 09:02:09 UTC 2025
access_token.py started at Wed Jul 16 15:00:01 UTC 2025
access_token.py ended at Wed Jul 16 15:00:02 UTC 2025
script.py started at Wed Jul 16 16:00:01 UTC 2025
script.py ended at Wed Jul 16 16:00:42 UTC 2025
access_token.py started at Thu Jul 17 08:00:01 UTC 2025
access_token.py ended at Thu Jul 17 08:00:02 UTC 2025
script.py started at Thu Jul 17 09:00:01 UTC 2025
script.py ended at Thu Jul 17 09:02:40 UTC 2025
access_token.py started at Thu Jul 17 15:00:01 UTC 2025
access_token.py ended at Thu Jul 17 15:00:02 UTC 2025
script.py started at Thu Jul 17 16:00:01 UTC 2025
script.py ended at Thu Jul 17 16:01:19 UTC 2025
access_token.py started at Fri Jul 18 08:00:02 UTC 2025
access_token.py ended at Fri Jul 18 08:00:02 UTC 2025
script.py started at Fri Jul 18 09:00:02 UTC 2025
script.py ended at Fri Jul 18 09:00:07 UTC 2025
access_token.py started at Fri Jul 18 15:00:01 UTC 2025
access_token.py ended at Fri Jul 18 15:00:02 UTC 2025
script.py started at Fri Jul 18 16:00:01 UTC 2025
script.py ended at Fri Jul 18 16:03:34 UTC 2025
access_token.py started at Sat Jul 19 08:00:01 UTC 2025
access_token.py ended at Sat Jul 19 08:00:02 UTC 2025
script.py started at Sat Jul 19 09:00:01 UTC 2025
script.py ended at Sat Jul 19 09:00:41 UTC 2025
access_token.py started at Sat Jul 19 15:00:02 UTC 2025
access_token.py ended at Sat Jul 19 15:00:02 UTC 2025
script.py started at Sat Jul 19 16:00:02 UTC 2025
script.py ended at Sat Jul 19 16:00:41 UTC 2025
access_token.py started at Sun Jul 20 08:00:01 UTC 2025
access_token.py ended at Sun Jul 20 08:00:02 UTC 2025
script.py started at Sun Jul 20 09:00:01 UTC 2025
script.py ended at Sun Jul 20 09:00:40 UTC 2025
access_token.py started at Sun Jul 20 15:00:01 UTC 2025
access_token.py ended at Sun Jul 20 15:00:02 UTC 2025
script.py started at Sun Jul 20 16:00:01 UTC 2025
script.py ended at Sun Jul 20 16:00:06 UTC 2025
access_token.py started at Mon Jul 21 08:00:01 UTC 2025
access_token.py ended at Mon Jul 21 08:00:02 UTC 2025
script.py started at Mon Jul 21 09:00:01 UTC 2025
script.py ended at Mon Jul 21 09:00:07 UTC 2025
access_token.py started at Mon Jul 21 15:00:02 UTC 2025
access_token.py ended at Mon Jul 21 15:00:02 UTC 2025
script.py started at Mon Jul 21 16:00:01 UTC 2025
script.py ended at Mon Jul 21 16:00:07 UTC 2025
access_token.py started at Tue Jul 22 08:00:01 UTC 2025
access_token.py ended at Tue Jul 22 08:00:02 UTC 2025
script.py started at Tue Jul 22 09:00:01 UTC 2025
script.py ended at Tue Jul 22 09:01:56 UTC 2025
access_token.py started at Tue Jul 22 15:00:01 UTC 2025
access_token.py ended at Tue Jul 22 15:00:02 UTC 2025
script.py started at Tue Jul 22 16:00:01 UTC 2025
script.py ended at Tue Jul 22 16:01:52 UTC 2025
access_token.py started at Wed Jul 23 08:00:01 UTC 2025
access_token.py ended at Wed Jul 23 08:00:02 UTC 2025
script.py started at Wed Jul 23 09:00:01 UTC 2025
script.py ended at Wed Jul 23 09:00:42 UTC 2025
access_token.py started at Wed Jul 23 15:00:01 UTC 2025
access_token.py ended at Wed Jul 23 15:00:02 UTC 2025
script.py started at Wed Jul 23 16:00:01 UTC 2025
script.py ended at Wed Jul 23 16:02:23 UTC 2025
access_token.py started at Thu Jul 24 08:00:01 UTC 2025
access_token.py ended at Thu Jul 24 08:00:02 UTC 2025
script.py started at Thu Jul 24 09:00:01 UTC 2025
script.py ended at Thu Jul 24 09:01:14 UTC 2025
access_token.py started at Thu Jul 24 15:00:01 UTC 2025
access_token.py ended at Thu Jul 24 15:00:02 UTC 2025
script.py started at Thu Jul 24 16:00:01 UTC 2025
script.py ended at Thu Jul 24 16:01:15 UTC 2025
access_token.py started at Fri Jul 25 08:00:02 UTC 2025
access_token.py ended at Fri Jul 25 08:00:02 UTC 2025
script.py started at Fri Jul 25 09:00:01 UTC 2025
script.py ended at Fri Jul 25 09:03:33 UTC 2025
access_token.py started at Fri Jul 25 15:00:01 UTC 2025
access_token.py ended at Fri Jul 25 15:00:02 UTC 2025
script.py started at Fri Jul 25 16:00:01 UTC 2025
script.py ended at Fri Jul 25 16:02:24 UTC 2025
access_token.py started at Sat Jul 26 08:00:01 UTC 2025
access_token.py ended at Sat Jul 26 08:00:01 UTC 2025
script.py started at Sat Jul 26 09:00:02 UTC 2025
script.py ended at Sat Jul 26 09:01:12 UTC 2025
access_token.py started at Sat Jul 26 15:00:01 UTC 2025
access_token.py ended at Sat Jul 26 15:00:02 UTC 2025
script.py started at Sat Jul 26 16:00:01 UTC 2025
script.py ended at Sat Jul 26 16:00:42 UTC 2025
access_token.py started at Sun Jul 27 08:00:01 UTC 2025
access_token.py ended at Sun Jul 27 08:00:02 UTC 2025
script.py started at Sun Jul 27 09:00:01 UTC 2025
script.py ended at Sun Jul 27 09:01:11 UTC 2025
access_token.py started at Sun Jul 27 15:00:01 UTC 2025
access_token.py ended at Sun Jul 27 15:00:02 UTC 2025
script.py started at Sun Jul 27 16:00:01 UTC 2025
script.py ended at Sun Jul 27 16:01:11 UTC 2025
access_token.py started at Mon Jul 28 08:00:02 UTC 2025
access_token.py ended at Mon Jul 28 08:00:03 UTC 2025
script.py started at Mon Jul 28 09:00:01 UTC 2025
script.py ended at Mon Jul 28 09:02:52 UTC 2025
access_token.py started at Mon Jul 28 15:00:01 UTC 2025
access_token.py ended at Mon Jul 28 15:00:02 UTC 2025
script.py started at Mon Jul 28 16:00:01 UTC 2025
script.py ended at Mon Jul 28 16:04:00 UTC 2025
access_token.py started at Tue Jul 29 08:00:01 UTC 2025
access_token.py ended at Tue Jul 29 08:00:02 UTC 2025
script.py started at Tue Jul 29 09:00:01 UTC 2025
script.py ended at Tue Jul 29 09:01:45 UTC 2025
access_token.py started at Tue Jul 29 15:00:01 UTC 2025
access_token.py ended at Tue Jul 29 15:00:02 UTC 2025
script.py started at Tue Jul 29 16:00:01 UTC 2025
script.py ended at Tue Jul 29 16:00:06 UTC 2025
access_token.py started at Wed Jul 30 08:00:01 UTC 2025
access_token.py ended at Wed Jul 30 08:00:02 UTC 2025
script.py started at Wed Jul 30 09:00:01 UTC 2025
script.py ended at Wed Jul 30 09:02:53 UTC 2025
access_token.py started at Wed Jul 30 15:00:01 UTC 2025
access_token.py ended at Wed Jul 30 15:00:02 UTC 2025
script.py started at Wed Jul 30 16:00:01 UTC 2025
script.py ended at Wed Jul 30 16:01:51 UTC 2025
access_token.py started at Thu Jul 31 10:38:34 UTC 2025
script.py started at Thu Jul 31 10:38:34 UTC 2025
access_token.py ended at Thu Jul 31 10:38:40 UTC 2025
script.py ended at Thu Jul 31 10:38:44 UTC 2025
access_token.py started at Thu Jul 31 15:00:01 UTC 2025
access_token.py ended at Thu Jul 31 15:00:01 UTC 2025
script.py started at Thu Jul 31 16:00:02 UTC 2025
script.py ended at Thu Jul 31 16:01:17 UTC 2025
access_token.py started at Fri Aug  1 08:00:02 UTC 2025
access_token.py ended at Fri Aug  1 08:00:03 UTC 2025
script.py started at Fri Aug  1 09:00:01 UTC 2025
script.py ended at Fri Aug  1 09:01:20 UTC 2025
access_token.py started at Fri Aug  1 15:00:02 UTC 2025
access_token.py ended at Fri Aug  1 15:00:02 UTC 2025
script.py started at Fri Aug  1 16:00:02 UTC 2025
script.py ended at Fri Aug  1 16:02:30 UTC 2025
access_token.py started at Sat Aug  2 08:00:02 UTC 2025
access_token.py ended at Sat Aug  2 08:00:02 UTC 2025
script.py started at Sat Aug  2 09:00:02 UTC 2025
script.py ended at Sat Aug  2 09:01:13 UTC 2025
access_token.py started at Sat Aug  2 15:00:01 UTC 2025
access_token.py ended at Sat Aug  2 15:00:02 UTC 2025
script.py started at Sat Aug  2 16:00:01 UTC 2025
script.py ended at Sat Aug  2 16:02:21 UTC 2025
access_token.py started at Sun Aug  3 08:00:01 UTC 2025
access_token.py ended at Sun Aug  3 08:00:02 UTC 2025
script.py started at Sun Aug  3 09:00:01 UTC 2025
script.py ended at Sun Aug  3 09:01:42 UTC 2025
access_token.py started at Sun Aug  3 15:00:01 UTC 2025
access_token.py ended at Sun Aug  3 15:00:02 UTC 2025
script.py started at Sun Aug  3 16:00:01 UTC 2025
script.py ended at Sun Aug  3 16:00:40 UTC 2025
access_token.py started at Mon Aug  4 08:00:01 UTC 2025
access_token.py ended at Mon Aug  4 08:00:02 UTC 2025
script.py started at Mon Aug  4 09:00:01 UTC 2025
script.py ended at Mon Aug  4 09:00:07 UTC 2025
access_token.py started at Mon Aug  4 15:00:02 UTC 2025
access_token.py ended at Mon Aug  4 15:00:02 UTC 2025
script.py started at Mon Aug  4 16:00:02 UTC 2025
script.py ended at Mon Aug  4 16:00:42 UTC 2025
access_token.py started at Tue Aug  5 08:00:01 UTC 2025
access_token.py ended at Tue Aug  5 08:00:02 UTC 2025
script.py started at Tue Aug  5 09:00:01 UTC 2025
script.py ended at Tue Aug  5 09:00:07 UTC 2025
access_token.py started at Tue Aug  5 15:00:01 UTC 2025
access_token.py ended at Tue Aug  5 15:00:02 UTC 2025
script.py started at Tue Aug  5 16:00:01 UTC 2025
script.py ended at Tue Aug  5 16:02:57 UTC 2025
access_token.py started at Wed Aug  6 08:00:02 UTC 2025
access_token.py ended at Wed Aug  6 08:00:03 UTC 2025
script.py started at Wed Aug  6 09:00:01 UTC 2025
script.py ended at Wed Aug  6 09:03:00 UTC 2025
access_token.py started at Wed Aug  6 15:00:02 UTC 2025
access_token.py ended at Wed Aug  6 15:00:02 UTC 2025
script.py started at Wed Aug  6 16:00:02 UTC 2025
script.py ended at Wed Aug  6 16:02:49 UTC 2025
access_token.py started at Thu Aug  7 08:00:01 UTC 2025
access_token.py ended at Thu Aug  7 08:00:02 UTC 2025
script.py started at Thu Aug  7 09:00:02 UTC 2025
script.py ended at Thu Aug  7 09:02:59 UTC 2025
access_token.py started at Thu Aug  7 15:00:01 UTC 2025
access_token.py ended at Thu Aug  7 15:00:01 UTC 2025
script.py started at Thu Aug  7 16:00:02 UTC 2025
script.py ended at Thu Aug  7 16:02:22 UTC 2025
access_token.py started at Fri Aug  8 08:00:01 UTC 2025
access_token.py ended at Fri Aug  8 08:00:02 UTC 2025
script.py started at Fri Aug  8 09:00:01 UTC 2025
script.py ended at Fri Aug  8 09:03:29 UTC 2025
access_token.py started at Fri Aug  8 15:00:02 UTC 2025
access_token.py ended at Fri Aug  8 15:00:02 UTC 2025
script.py started at Fri Aug  8 16:00:02 UTC 2025
script.py ended at Fri Aug  8 16:03:22 UTC 2025
access_token.py started at Sat Aug  9 08:00:01 UTC 2025
access_token.py ended at Sat Aug  9 08:00:02 UTC 2025
script.py started at Sat Aug  9 09:00:01 UTC 2025
script.py ended at Sat Aug  9 09:00:41 UTC 2025
access_token.py started at Sat Aug  9 15:00:01 UTC 2025
access_token.py ended at Sat Aug  9 15:00:02 UTC 2025
script.py started at Sat Aug  9 16:00:01 UTC 2025
script.py ended at Sat Aug  9 16:00:06 UTC 2025
access_token.py started at Sun Aug 10 08:00:01 UTC 2025
access_token.py ended at Sun Aug 10 08:00:02 UTC 2025
script.py started at Sun Aug 10 09:00:02 UTC 2025
script.py ended at Sun Aug 10 09:00:07 UTC 2025
access_token.py started at Sun Aug 10 15:00:01 UTC 2025
access_token.py ended at Sun Aug 10 15:00:02 UTC 2025
script.py started at Sun Aug 10 16:00:01 UTC 2025
script.py ended at Sun Aug 10 16:00:06 UTC 2025
access_token.py started at Mon Aug 11 08:00:01 UTC 2025
access_token.py ended at Mon Aug 11 08:00:02 UTC 2025
script.py started at Mon Aug 11 09:00:01 UTC 2025
script.py ended at Mon Aug 11 09:00:06 UTC 2025
access_token.py started at Mon Aug 11 15:00:02 UTC 2025
access_token.py ended at Mon Aug 11 15:00:02 UTC 2025
script.py started at Mon Aug 11 16:00:02 UTC 2025
script.py ended at Mon Aug 11 16:00:41 UTC 2025
access_token.py started at Tue Aug 12 08:00:02 UTC 2025
access_token.py ended at Tue Aug 12 08:00:03 UTC 2025
script.py started at Tue Aug 12 09:00:01 UTC 2025
script.py ended at Tue Aug 12 09:00:40 UTC 2025
access_token.py started at Tue Aug 12 15:00:02 UTC 2025
access_token.py ended at Tue Aug 12 15:00:02 UTC 2025
script.py started at Tue Aug 12 16:00:02 UTC 2025
script.py ended at Tue Aug 12 16:01:52 UTC 2025
access_token.py started at Wed Aug 13 08:00:02 UTC 2025
access_token.py ended at Wed Aug 13 08:00:02 UTC 2025
script.py started at Wed Aug 13 09:00:02 UTC 2025
script.py ended at Wed Aug 13 09:02:27 UTC 2025
access_token.py started at Wed Aug 13 15:00:02 UTC 2025
access_token.py ended at Wed Aug 13 15:00:02 UTC 2025
script.py started at Wed Aug 13 16:00:02 UTC 2025
script.py ended at Wed Aug 13 16:02:55 UTC 2025
access_token.py started at Thu Aug 14 08:00:01 UTC 2025
access_token.py ended at Thu Aug 14 08:00:02 UTC 2025
script.py started at Thu Aug 14 09:00:02 UTC 2025
script.py ended at Thu Aug 14 09:00:41 UTC 2025
access_token.py started at Thu Aug 14 15:00:02 UTC 2025
access_token.py ended at Thu Aug 14 15:00:03 UTC 2025
script.py started at Thu Aug 14 16:00:01 UTC 2025
script.py ended at Thu Aug 14 16:01:12 UTC 2025
access_token.py started at Fri Aug 15 08:00:02 UTC 2025
access_token.py ended at Fri Aug 15 08:00:03 UTC 2025
script.py started at Fri Aug 15 09:00:01 UTC 2025
script.py ended at Fri Aug 15 09:02:21 UTC 2025
access_token.py started at Fri Aug 15 15:00:01 UTC 2025
access_token.py ended at Fri Aug 15 15:00:02 UTC 2025
script.py started at Fri Aug 15 16:00:01 UTC 2025
script.py ended at Fri Aug 15 16:02:23 UTC 2025
access_token.py started at Sat Aug 16 08:00:01 UTC 2025
access_token.py ended at Sat Aug 16 08:00:03 UTC 2025
script.py started at Sat Aug 16 09:00:01 UTC 2025
script.py ended at Sat Aug 16 09:01:50 UTC 2025
access_token.py started at Sat Aug 16 15:00:01 UTC 2025
access_token.py ended at Sat Aug 16 15:00:02 UTC 2025
script.py started at Sat Aug 16 16:00:02 UTC 2025
script.py ended at Sat Aug 16 16:01:43 UTC 2025
access_token.py started at Sun Aug 17 08:00:02 UTC 2025
access_token.py ended at Sun Aug 17 08:00:03 UTC 2025
script.py started at Sun Aug 17 09:00:01 UTC 2025
script.py ended at Sun Aug 17 09:00:06 UTC 2025
access_token.py started at Sun Aug 17 15:00:01 UTC 2025
access_token.py ended at Sun Aug 17 15:00:02 UTC 2025
script.py started at Sun Aug 17 16:00:02 UTC 2025
script.py ended at Sun Aug 17 16:00:40 UTC 2025
access_token.py started at Mon Aug 18 08:00:01 UTC 2025
access_token.py ended at Mon Aug 18 08:00:02 UTC 2025
script.py started at Mon Aug 18 09:00:01 UTC 2025
script.py ended at Mon Aug 18 09:01:51 UTC 2025
access_token.py started at Mon Aug 18 15:00:02 UTC 2025
access_token.py ended at Mon Aug 18 15:00:02 UTC 2025
script.py started at Mon Aug 18 16:00:02 UTC 2025
script.py ended at Mon Aug 18 16:01:11 UTC 2025
access_token.py started at Tue Aug 19 08:00:01 UTC 2025
access_token.py ended at Tue Aug 19 08:00:02 UTC 2025
script.py started at Tue Aug 19 09:00:02 UTC 2025
script.py ended at Tue Aug 19 09:00:41 UTC 2025
access_token.py started at Tue Aug 19 15:00:02 UTC 2025
access_token.py ended at Tue Aug 19 15:00:02 UTC 2025
script.py started at Tue Aug 19 16:00:02 UTC 2025
script.py ended at Tue Aug 19 16:01:44 UTC 2025
access_token.py started at Wed Aug 20 08:00:01 UTC 2025
access_token.py ended at Wed Aug 20 08:00:06 UTC 2025
script.py started at Wed Aug 20 09:00:01 UTC 2025
script.py ended at Wed Aug 20 09:03:35 UTC 2025
access_token.py started at Wed Aug 20 15:00:01 UTC 2025
access_token.py ended at Wed Aug 20 15:00:02 UTC 2025
script.py started at Wed Aug 20 16:00:01 UTC 2025
script.py ended at Wed Aug 20 16:01:18 UTC 2025
access_token.py started at Thu Aug 21 08:00:02 UTC 2025
access_token.py ended at Thu Aug 21 08:00:02 UTC 2025
script.py started at Thu Aug 21 09:00:02 UTC 2025
script.py ended at Thu Aug 21 09:03:20 UTC 2025
access_token.py started at Thu Aug 21 15:00:02 UTC 2025
access_token.py ended at Thu Aug 21 15:00:02 UTC 2025
script.py started at Thu Aug 21 16:00:02 UTC 2025
script.py ended at Thu Aug 21 16:03:39 UTC 2025
access_token.py started at Fri Aug 22 08:00:01 UTC 2025
access_token.py ended at Fri Aug 22 08:00:02 UTC 2025
script.py started at Fri Aug 22 09:00:02 UTC 2025
script.py ended at Fri Aug 22 09:03:32 UTC 2025
access_token.py started at Fri Aug 22 15:00:02 UTC 2025
access_token.py ended at Fri Aug 22 15:00:03 UTC 2025
script.py started at Fri Aug 22 16:00:02 UTC 2025
script.py ended at Fri Aug 22 16:04:01 UTC 2025
access_token.py started at Sat Aug 23 08:00:02 UTC 2025
access_token.py ended at Sat Aug 23 08:00:03 UTC 2025
script.py started at Sat Aug 23 09:00:01 UTC 2025
script.py ended at Sat Aug 23 09:01:11 UTC 2025
access_token.py started at Sat Aug 23 15:00:01 UTC 2025
access_token.py ended at Sat Aug 23 15:00:02 UTC 2025
script.py started at Sat Aug 23 16:00:01 UTC 2025
script.py ended at Sat Aug 23 16:01:11 UTC 2025
access_token.py started at Sun Aug 24 08:00:02 UTC 2025
access_token.py ended at Sun Aug 24 08:00:03 UTC 2025
script.py started at Sun Aug 24 09:00:02 UTC 2025
script.py ended at Sun Aug 24 09:01:14 UTC 2025
access_token.py started at Sun Aug 24 15:00:02 UTC 2025
access_token.py ended at Sun Aug 24 15:00:03 UTC 2025
script.py started at Sun Aug 24 16:00:01 UTC 2025
script.py ended at Sun Aug 24 16:00:09 UTC 2025
access_token.py started at Mon Aug 25 08:00:02 UTC 2025
access_token.py ended at Mon Aug 25 08:00:03 UTC 2025
script.py started at Mon Aug 25 09:00:01 UTC 2025
script.py ended at Mon Aug 25 09:02:21 UTC 2025
access_token.py started at Mon Aug 25 15:00:02 UTC 2025
access_token.py ended at Mon Aug 25 15:00:02 UTC 2025
script.py started at Mon Aug 25 16:00:02 UTC 2025
script.py ended at Mon Aug 25 16:01:11 UTC 2025
access_token.py started at Tue Aug 26 08:00:01 UTC 2025
access_token.py ended at Tue Aug 26 08:00:02 UTC 2025
script.py started at Tue Aug 26 09:00:01 UTC 2025
script.py ended at Tue Aug 26 09:02:28 UTC 2025
access_token.py started at Tue Aug 26 15:00:02 UTC 2025
access_token.py ended at Tue Aug 26 15:00:03 UTC 2025
script.py started at Tue Aug 26 16:00:01 UTC 2025
script.py ended at Tue Aug 26 16:00:12 UTC 2025
access_token.py started at Wed Aug 27 08:00:02 UTC 2025
access_token.py ended at Wed Aug 27 08:00:03 UTC 2025
script.py started at Wed Aug 27 09:00:01 UTC 2025
script.py ended at Wed Aug 27 09:00:14 UTC 2025
access_token.py started at Wed Aug 27 15:00:02 UTC 2025
access_token.py ended at Wed Aug 27 15:00:02 UTC 2025
script.py started at Wed Aug 27 16:00:02 UTC 2025
script.py ended at Wed Aug 27 16:00:16 UTC 2025
access_token.py started at Thu Aug 28 08:00:02 UTC 2025
access_token.py ended at Thu Aug 28 08:00:02 UTC 2025
script.py started at Thu Aug 28 09:00:01 UTC 2025
script.py ended at Thu Aug 28 09:00:15 UTC 2025
access_token.py started at Thu Aug 28 15:00:02 UTC 2025
access_token.py ended at Thu Aug 28 15:00:02 UTC 2025
script.py started at Thu Aug 28 16:00:02 UTC 2025
script.py ended at Thu Aug 28 16:00:16 UTC 2025
access_token.py started at Fri Aug 29 08:00:02 UTC 2025
access_token.py ended at Fri Aug 29 08:00:03 UTC 2025
script.py started at Fri Aug 29 09:00:01 UTC 2025
script.py ended at Fri Aug 29 09:00:15 UTC 2025
access_token.py started at Fri Aug 29 15:00:02 UTC 2025
access_token.py ended at Fri Aug 29 15:00:02 UTC 2025
script.py started at Fri Aug 29 16:00:02 UTC 2025
script.py ended at Fri Aug 29 16:00:15 UTC 2025
access_token.py started at Sat Aug 30 08:00:01 UTC 2025
access_token.py ended at Sat Aug 30 08:00:02 UTC 2025
script.py started at Sat Aug 30 09:00:02 UTC 2025
script.py ended at Sat Aug 30 09:00:15 UTC 2025
access_token.py started at Sat Aug 30 15:00:01 UTC 2025
access_token.py ended at Sat Aug 30 15:00:02 UTC 2025
script.py started at Sat Aug 30 16:00:02 UTC 2025
script.py ended at Sat Aug 30 16:00:15 UTC 2025
access_token.py started at Sun Aug 31 08:00:01 UTC 2025
access_token.py ended at Sun Aug 31 08:00:02 UTC 2025
script.py started at Sun Aug 31 09:00:01 UTC 2025
script.py ended at Sun Aug 31 09:00:16 UTC 2025
access_token.py started at Sun Aug 31 15:00:01 UTC 2025
access_token.py ended at Sun Aug 31 15:00:02 UTC 2025
script.py started at Sun Aug 31 16:00:01 UTC 2025
script.py ended at Sun Aug 31 16:00:15 UTC 2025
access_token.py started at Mon Sep  1 08:00:01 UTC 2025
access_token.py ended at Mon Sep  1 08:00:02 UTC 2025
script.py started at Mon Sep  1 09:00:01 UTC 2025
script.py ended at Mon Sep  1 09:00:15 UTC 2025
access_token.py started at Mon Sep  1 15:00:01 UTC 2025
access_token.py ended at Mon Sep  1 15:00:02 UTC 2025
script.py started at Mon Sep  1 16:00:01 UTC 2025
script.py ended at Mon Sep  1 16:00:15 UTC 2025
access_token.py started at Tue Sep  2 08:00:01 UTC 2025
access_token.py ended at Tue Sep  2 08:00:02 UTC 2025
script.py started at Tue Sep  2 09:00:02 UTC 2025
script.py ended at Tue Sep  2 09:00:15 UTC 2025
access_token.py started at Tue Sep  2 15:00:01 UTC 2025
access_token.py ended at Tue Sep  2 15:00:02 UTC 2025
script.py started at Tue Sep  2 16:00:01 UTC 2025
script.py ended at Tue Sep  2 16:00:15 UTC 2025
access_token.py started at Wed Sep  3 08:00:01 UTC 2025
access_token.py ended at Wed Sep  3 08:00:02 UTC 2025
script.py started at Wed Sep  3 09:00:01 UTC 2025
script.py ended at Wed Sep  3 09:00:16 UTC 2025
access_token.py started at Wed Sep  3 15:00:01 UTC 2025
access_token.py ended at Wed Sep  3 15:00:02 UTC 2025
script.py started at Wed Sep  3 16:00:02 UTC 2025
script.py ended at Wed Sep  3 16:00:16 UTC 2025
access_token.py started at Thu Sep  4 08:00:01 UTC 2025
access_token.py ended at Thu Sep  4 08:00:02 UTC 2025
script.py started at Thu Sep  4 09:00:01 UTC 2025
script.py ended at Thu Sep  4 09:00:16 UTC 2025
access_token.py started at Thu Sep  4 15:00:01 UTC 2025
access_token.py ended at Thu Sep  4 15:00:02 UTC 2025
script.py started at Thu Sep  4 16:00:02 UTC 2025
script.py ended at Thu Sep  4 16:00:16 UTC 2025
access_token.py started at Fri Sep  5 08:00:01 UTC 2025
access_token.py ended at Fri Sep  5 08:00:03 UTC 2025
script.py started at Fri Sep  5 09:00:01 UTC 2025
script.py ended at Fri Sep  5 09:00:16 UTC 2025
access_token.py started at Fri Sep  5 15:00:02 UTC 2025
access_token.py ended at Fri Sep  5 15:00:02 UTC 2025
script.py started at Fri Sep  5 16:00:02 UTC 2025
script.py ended at Fri Sep  5 16:00:17 UTC 2025
access_token.py started at Sat Sep  6 08:00:02 UTC 2025
access_token.py ended at Sat Sep  6 08:00:03 UTC 2025
script.py started at Sat Sep  6 09:00:01 UTC 2025
script.py ended at Sat Sep  6 09:00:16 UTC 2025
access_token.py started at Sat Sep  6 15:00:02 UTC 2025
access_token.py ended at Sat Sep  6 15:00:02 UTC 2025
script.py started at Sat Sep  6 16:00:02 UTC 2025
script.py ended at Sat Sep  6 16:00:17 UTC 2025
access_token.py started at Sun Sep  7 08:00:02 UTC 2025
access_token.py ended at Sun Sep  7 08:00:02 UTC 2025
script.py started at Sun Sep  7 09:00:02 UTC 2025
script.py ended at Sun Sep  7 09:00:17 UTC 2025
access_token.py started at Sun Sep  7 15:00:02 UTC 2025
access_token.py ended at Sun Sep  7 15:00:02 UTC 2025
script.py started at Sun Sep  7 16:00:02 UTC 2025
script.py ended at Sun Sep  7 16:00:17 UTC 2025
access_token.py started at Mon Sep  8 08:00:01 UTC 2025
access_token.py ended at Mon Sep  8 08:00:02 UTC 2025
script.py started at Mon Sep  8 09:00:02 UTC 2025
script.py ended at Mon Sep  8 09:00:17 UTC 2025
access_token.py started at Mon Sep  8 15:00:01 UTC 2025
access_token.py ended at Mon Sep  8 15:00:02 UTC 2025
script.py started at Mon Sep  8 16:00:01 UTC 2025
script.py ended at Mon Sep  8 16:00:16 UTC 2025
access_token.py started at Tue Sep  9 08:00:02 UTC 2025
access_token.py ended at Tue Sep  9 08:00:03 UTC 2025
script.py started at Tue Sep  9 09:00:01 UTC 2025
script.py ended at Tue Sep  9 09:00:17 UTC 2025
access_token.py started at Tue Sep  9 15:00:01 UTC 2025
access_token.py ended at Tue Sep  9 15:00:02 UTC 2025
script.py started at Tue Sep  9 16:00:02 UTC 2025
script.py ended at Tue Sep  9 16:00:17 UTC 2025
access_token.py started at Wed Sep 10 08:00:01 UTC 2025
access_token.py ended at Wed Sep 10 08:00:02 UTC 2025
script.py started at Wed Sep 10 09:00:02 UTC 2025
script.py ended at Wed Sep 10 09:00:17 UTC 2025
access_token.py started at Wed Sep 10 15:00:01 UTC 2025
access_token.py ended at Wed Sep 10 15:00:02 UTC 2025
script.py started at Wed Sep 10 16:00:01 UTC 2025
script.py ended at Wed Sep 10 16:01:42 UTC 2025
access_token.py started at Thu Sep 11 08:00:02 UTC 2025
access_token.py ended at Thu Sep 11 08:00:03 UTC 2025
script.py started at Thu Sep 11 09:00:02 UTC 2025
script.py ended at Thu Sep 11 09:02:23 UTC 2025
access_token.py started at Thu Sep 11 15:00:02 UTC 2025
access_token.py ended at Thu Sep 11 15:00:03 UTC 2025
script.py started at Thu Sep 11 16:00:01 UTC 2025
script.py ended at Thu Sep 11 16:02:50 UTC 2025
access_token.py started at Fri Sep 12 08:00:01 UTC 2025
access_token.py ended at Fri Sep 12 08:00:02 UTC 2025
script.py started at Fri Sep 12 09:00:02 UTC 2025
script.py ended at Fri Sep 12 09:02:25 UTC 2025
access_token.py started at Fri Sep 12 15:00:01 UTC 2025
access_token.py ended at Fri Sep 12 15:00:02 UTC 2025
script.py started at Fri Sep 12 16:00:02 UTC 2025
script.py ended at Fri Sep 12 16:02:51 UTC 2025
access_token.py started at Sat Sep 13 08:00:02 UTC 2025
access_token.py ended at Sat Sep 13 08:00:03 UTC 2025
script.py started at Sat Sep 13 09:00:02 UTC 2025
script.py ended at Sat Sep 13 09:02:56 UTC 2025
access_token.py started at Sat Sep 13 15:00:01 UTC 2025
access_token.py ended at Sat Sep 13 15:00:02 UTC 2025
script.py started at Sat Sep 13 16:00:01 UTC 2025
script.py ended at Sat Sep 13 16:00:40 UTC 2025
access_token.py started at Sun Sep 14 08:00:01 UTC 2025
access_token.py ended at Sun Sep 14 08:00:02 UTC 2025
script.py started at Sun Sep 14 09:00:02 UTC 2025
script.py ended at Sun Sep 14 09:00:41 UTC 2025
access_token.py started at Sun Sep 14 15:00:01 UTC 2025
access_token.py ended at Sun Sep 14 15:00:02 UTC 2025
script.py started at Sun Sep 14 16:00:01 UTC 2025
script.py ended at Sun Sep 14 16:01:50 UTC 2025
access_token.py started at Mon Sep 15 08:00:02 UTC 2025
access_token.py ended at Mon Sep 15 08:00:02 UTC 2025
script.py started at Mon Sep 15 09:00:02 UTC 2025
script.py ended at Mon Sep 15 09:01:49 UTC 2025
access_token.py started at Mon Sep 15 15:00:01 UTC 2025
access_token.py ended at Mon Sep 15 15:00:02 UTC 2025
script.py started at Mon Sep 15 16:00:01 UTC 2025
script.py ended at Mon Sep 15 16:03:59 UTC 2025
access_token.py started at Tue Sep 16 08:00:02 UTC 2025
access_token.py ended at Tue Sep 16 08:00:03 UTC 2025
script.py started at Tue Sep 16 09:00:01 UTC 2025
script.py ended at Tue Sep 16 09:03:01 UTC 2025
access_token.py started at Tue Sep 16 15:00:01 UTC 2025
access_token.py ended at Tue Sep 16 15:00:02 UTC 2025
script.py started at Tue Sep 16 16:00:01 UTC 2025
script.py ended at Tue Sep 16 16:02:21 UTC 2025
access_token.py started at Wed Sep 17 08:00:02 UTC 2025
access_token.py ended at Wed Sep 17 08:00:03 UTC 2025
script.py started at Wed Sep 17 09:00:01 UTC 2025
script.py ended at Wed Sep 17 09:03:02 UTC 2025
access_token.py started at Wed Sep 17 15:00:01 UTC 2025
access_token.py ended at Wed Sep 17 15:00:02 UTC 2025
script.py started at Wed Sep 17 16:00:02 UTC 2025
script.py ended at Wed Sep 17 16:03:27 UTC 2025
access_token.py started at Thu Sep 18 08:00:02 UTC 2025
access_token.py ended at Thu Sep 18 08:00:04 UTC 2025
script.py started at Thu Sep 18 09:00:02 UTC 2025
script.py ended at Thu Sep 18 09:01:50 UTC 2025
access_token.py started at Thu Sep 18 15:00:01 UTC 2025
access_token.py ended at Thu Sep 18 15:00:02 UTC 2025
script.py started at Thu Sep 18 16:00:01 UTC 2025
script.py ended at Thu Sep 18 16:00:41 UTC 2025
access_token.py started at Fri Sep 19 08:00:02 UTC 2025
access_token.py ended at Fri Sep 19 08:00:03 UTC 2025
script.py started at Fri Sep 19 09:00:01 UTC 2025
script.py ended at Fri Sep 19 09:00:41 UTC 2025
access_token.py started at Fri Sep 19 15:00:02 UTC 2025
access_token.py ended at Fri Sep 19 15:00:02 UTC 2025
script.py started at Fri Sep 19 16:00:02 UTC 2025
script.py ended at Fri Sep 19 16:01:12 UTC 2025
access_token.py started at Sat Sep 20 08:00:02 UTC 2025
access_token.py ended at Sat Sep 20 08:00:02 UTC 2025
script.py started at Sat Sep 20 09:00:02 UTC 2025
script.py ended at Sat Sep 20 09:01:50 UTC 2025
access_token.py started at Sat Sep 20 15:00:02 UTC 2025
access_token.py ended at Sat Sep 20 15:00:03 UTC 2025
script.py started at Sat Sep 20 16:00:01 UTC 2025
script.py ended at Sat Sep 20 16:00:06 UTC 2025
access_token.py started at Sun Sep 21 08:00:01 UTC 2025
access_token.py ended at Sun Sep 21 08:00:02 UTC 2025
script.py started at Sun Sep 21 09:00:02 UTC 2025
script.py ended at Sun Sep 21 09:00:41 UTC 2025
access_token.py started at Sun Sep 21 15:00:01 UTC 2025
access_token.py ended at Sun Sep 21 15:00:02 UTC 2025
script.py started at Sun Sep 21 16:00:02 UTC 2025
script.py ended at Sun Sep 21 16:00:41 UTC 2025
access_token.py started at Mon Sep 22 08:00:02 UTC 2025
access_token.py ended at Mon Sep 22 08:00:02 UTC 2025
script.py started at Mon Sep 22 09:00:02 UTC 2025
script.py ended at Mon Sep 22 09:01:11 UTC 2025
access_token.py started at Mon Sep 22 15:00:02 UTC 2025
access_token.py ended at Mon Sep 22 15:00:02 UTC 2025
script.py started at Mon Sep 22 16:00:02 UTC 2025
script.py ended at Mon Sep 22 16:02:21 UTC 2025
access_token.py started at Tue Sep 23 08:00:01 UTC 2025
access_token.py ended at Tue Sep 23 08:00:02 UTC 2025
script.py started at Tue Sep 23 09:00:02 UTC 2025
script.py ended at Tue Sep 23 09:04:31 UTC 2025
access_token.py started at Tue Sep 23 15:00:02 UTC 2025
access_token.py ended at Tue Sep 23 15:00:03 UTC 2025
script.py started at Tue Sep 23 16:00:01 UTC 2025
script.py ended at Tue Sep 23 16:04:00 UTC 2025
access_token.py started at Wed Sep 24 08:00:02 UTC 2025
access_token.py ended at Wed Sep 24 08:00:03 UTC 2025
script.py started at Wed Sep 24 09:00:01 UTC 2025
script.py ended at Wed Sep 24 09:03:32 UTC 2025
access_token.py started at Wed Sep 24 15:00:01 UTC 2025
access_token.py ended at Wed Sep 24 15:00:02 UTC 2025
script.py started at Wed Sep 24 16:00:02 UTC 2025
script.py ended at Wed Sep 24 16:03:22 UTC 2025
access_token.py started at Thu Sep 25 08:00:01 UTC 2025
access_token.py ended at Thu Sep 25 08:00:02 UTC 2025
script.py started at Thu Sep 25 09:00:02 UTC 2025
script.py ended at Thu Sep 25 09:02:22 UTC 2025
access_token.py started at Thu Sep 25 15:00:01 UTC 2025
access_token.py ended at Thu Sep 25 15:00:02 UTC 2025
script.py started at Thu Sep 25 16:00:01 UTC 2025
script.py ended at Thu Sep 25 16:00:07 UTC 2025
access_token.py started at Fri Sep 26 08:00:02 UTC 2025
access_token.py ended at Fri Sep 26 08:00:02 UTC 2025
script.py started at Fri Sep 26 09:00:02 UTC 2025
script.py ended at Fri Sep 26 09:00:07 UTC 2025
access_token.py started at Fri Sep 26 15:00:02 UTC 2025
access_token.py ended at Fri Sep 26 15:00:03 UTC 2025
script.py started at Fri Sep 26 16:00:01 UTC 2025
script.py ended at Fri Sep 26 16:02:19 UTC 2025
access_token.py started at Sat Sep 27 08:00:02 UTC 2025
access_token.py ended at Sat Sep 27 08:00:03 UTC 2025
script.py started at Sat Sep 27 09:00:01 UTC 2025
script.py ended at Sat Sep 27 09:02:58 UTC 2025
access_token.py started at Sat Sep 27 15:00:02 UTC 2025
access_token.py ended at Sat Sep 27 15:00:03 UTC 2025
script.py started at Sat Sep 27 16:00:01 UTC 2025
script.py ended at Sat Sep 27 16:00:40 UTC 2025
access_token.py started at Sun Sep 28 08:00:01 UTC 2025
access_token.py ended at Sun Sep 28 08:00:02 UTC 2025
script.py started at Sun Sep 28 09:00:02 UTC 2025
script.py ended at Sun Sep 28 09:00:07 UTC 2025
access_token.py started at Sun Sep 28 15:00:01 UTC 2025
access_token.py ended at Sun Sep 28 15:00:02 UTC 2025
script.py started at Sun Sep 28 16:00:02 UTC 2025
script.py ended at Sun Sep 28 16:01:16 UTC 2025
access_token.py started at Mon Sep 29 08:00:01 UTC 2025
access_token.py ended at Mon Sep 29 08:00:02 UTC 2025
script.py started at Mon Sep 29 09:00:01 UTC 2025
script.py ended at Mon Sep 29 09:00:41 UTC 2025
access_token.py started at Mon Sep 29 15:00:01 UTC 2025
access_token.py ended at Mon Sep 29 15:00:02 UTC 2025
script.py started at Mon Sep 29 16:00:02 UTC 2025
script.py ended at Mon Sep 29 16:01:11 UTC 2025
access_token.py started at Tue Sep 30 08:00:01 UTC 2025
access_token.py ended at Tue Sep 30 08:00:02 UTC 2025
script.py started at Tue Sep 30 09:00:02 UTC 2025
script.py ended at Tue Sep 30 09:01:51 UTC 2025
access_token.py started at Tue Sep 30 15:00:01 UTC 2025
access_token.py ended at Tue Sep 30 15:00:02 UTC 2025
script.py started at Tue Sep 30 16:00:01 UTC 2025
script.py ended at Tue Sep 30 16:03:31 UTC 2025
access_token.py started at Wed Oct  1 08:00:02 UTC 2025
access_token.py ended at Wed Oct  1 08:00:03 UTC 2025
script.py started at Wed Oct  1 09:00:01 UTC 2025
script.py ended at Wed Oct  1 09:04:07 UTC 2025
access_token.py started at Wed Oct  1 15:00:02 UTC 2025
access_token.py ended at Wed Oct  1 15:00:02 UTC 2025
script.py started at Wed Oct  1 16:00:02 UTC 2025
script.py ended at Wed Oct  1 16:01:48 UTC 2025
access_token.py started at Thu Oct  2 08:00:02 UTC 2025
access_token.py ended at Thu Oct  2 08:00:03 UTC 2025
script.py started at Thu Oct  2 09:00:01 UTC 2025
script.py ended at Thu Oct  2 09:04:22 UTC 2025
access_token.py started at Thu Oct  2 15:00:01 UTC 2025
access_token.py ended at Thu Oct  2 15:00:02 UTC 2025
script.py started at Thu Oct  2 16:00:02 UTC 2025
script.py ended at Thu Oct  2 16:03:54 UTC 2025
access_token.py started at Fri Oct  3 08:00:01 UTC 2025
access_token.py ended at Fri Oct  3 08:00:02 UTC 2025
script.py started at Fri Oct  3 09:00:01 UTC 2025
script.py ended at Fri Oct  3 09:00:07 UTC 2025
access_token.py started at Fri Oct  3 15:00:01 UTC 2025
access_token.py ended at Fri Oct  3 15:00:02 UTC 2025
script.py started at Fri Oct  3 16:00:01 UTC 2025
script.py ended at Fri Oct  3 16:00:41 UTC 2025
access_token.py started at Sat Oct  4 08:00:02 UTC 2025
access_token.py ended at Sat Oct  4 08:00:03 UTC 2025
script.py started at Sat Oct  4 09:00:01 UTC 2025
script.py ended at Sat Oct  4 09:01:12 UTC 2025
access_token.py started at Sat Oct  4 15:00:02 UTC 2025
access_token.py ended at Sat Oct  4 15:00:02 UTC 2025
script.py started at Sat Oct  4 16:00:01 UTC 2025
script.py ended at Sat Oct  4 16:01:11 UTC 2025
access_token.py started at Sun Oct  5 08:00:01 UTC 2025
access_token.py ended at Sun Oct  5 08:00:03 UTC 2025
script.py started at Sun Oct  5 09:00:01 UTC 2025
script.py ended at Sun Oct  5 09:00:44 UTC 2025
access_token.py started at Sun Oct  5 15:00:02 UTC 2025
access_token.py ended at Sun Oct  5 15:00:02 UTC 2025
script.py started at Sun Oct  5 16:00:02 UTC 2025
script.py ended at Sun Oct  5 16:00:08 UTC 2025
access_token.py started at Mon Oct  6 08:00:02 UTC 2025
access_token.py ended at Mon Oct  6 08:00:03 UTC 2025
script.py started at Mon Oct  6 09:00:01 UTC 2025
script.py ended at Mon Oct  6 09:00:41 UTC 2025
access_token.py started at Mon Oct  6 15:00:02 UTC 2025
access_token.py ended at Mon Oct  6 15:00:03 UTC 2025
script.py started at Mon Oct  6 16:00:01 UTC 2025
script.py ended at Mon Oct  6 16:01:12 UTC 2025
access_token.py started at Tue Oct  7 08:00:02 UTC 2025
access_token.py ended at Tue Oct  7 08:00:03 UTC 2025
script.py started at Tue Oct  7 09:00:02 UTC 2025
script.py ended at Tue Oct  7 09:01:54 UTC 2025
access_token.py started at Tue Oct  7 15:00:01 UTC 2025
access_token.py ended at Tue Oct  7 15:00:02 UTC 2025
script.py started at Tue Oct  7 16:00:01 UTC 2025
script.py ended at Tue Oct  7 16:15:28 UTC 2025
access_token.py started at Wed Oct  8 08:00:01 UTC 2025
access_token.py ended at Wed Oct  8 08:00:02 UTC 2025
script.py started at Wed Oct  8 09:00:02 UTC 2025
script.py ended at Wed Oct  8 09:03:31 UTC 2025
access_token.py started at Wed Oct  8 15:00:02 UTC 2025
access_token.py ended at Wed Oct  8 15:00:02 UTC 2025
script.py started at Wed Oct  8 16:00:02 UTC 2025
script.py ended at Wed Oct  8 16:03:33 UTC 2025
access_token.py started at Thu Oct  9 08:00:01 UTC 2025
access_token.py ended at Thu Oct  9 08:00:02 UTC 2025
script.py started at Thu Oct  9 09:00:01 UTC 2025
script.py ended at Thu Oct  9 09:00:44 UTC 2025
access_token.py started at Thu Oct  9 15:00:01 UTC 2025
access_token.py ended at Thu Oct  9 15:00:02 UTC 2025
script.py started at Thu Oct  9 16:00:02 UTC 2025
script.py ended at Thu Oct  9 16:00:10 UTC 2025
access_token.py started at Fri Oct 10 08:00:01 UTC 2025
access_token.py ended at Fri Oct 10 08:00:02 UTC 2025
script.py started at Fri Oct 10 09:00:02 UTC 2025
script.py ended at Fri Oct 10 09:01:15 UTC 2025
access_token.py started at Fri Oct 10 15:00:01 UTC 2025
access_token.py ended at Fri Oct 10 15:00:02 UTC 2025
script.py started at Fri Oct 10 16:00:01 UTC 2025
script.py ended at Fri Oct 10 16:00:10 UTC 2025
access_token.py started at Sat Oct 11 08:00:02 UTC 2025
access_token.py ended at Sat Oct 11 08:00:03 UTC 2025
script.py started at Sat Oct 11 09:00:01 UTC 2025
script.py ended at Sat Oct 11 09:00:10 UTC 2025
access_token.py started at Sat Oct 11 15:00:01 UTC 2025
access_token.py ended at Sat Oct 11 15:00:02 UTC 2025
script.py started at Sat Oct 11 16:00:02 UTC 2025
script.py ended at Sat Oct 11 16:00:44 UTC 2025
access_token.py started at Sun Oct 12 08:00:01 UTC 2025
access_token.py ended at Sun Oct 12 08:00:02 UTC 2025
script.py started at Sun Oct 12 09:00:02 UTC 2025
script.py ended at Sun Oct 12 09:00:44 UTC 2025
access_token.py started at Sun Oct 12 15:00:02 UTC 2025
access_token.py ended at Sun Oct 12 15:00:02 UTC 2025
script.py started at Sun Oct 12 16:00:02 UTC 2025
script.py ended at Sun Oct 12 16:01:15 UTC 2025
access_token.py started at Mon Oct 13 08:00:01 UTC 2025
access_token.py ended at Mon Oct 13 08:00:02 UTC 2025
script.py started at Mon Oct 13 09:00:01 UTC 2025
script.py ended at Mon Oct 13 09:00:44 UTC 2025
access_token.py started at Mon Oct 13 15:00:02 UTC 2025
access_token.py ended at Mon Oct 13 15:00:02 UTC 2025
script.py started at Mon Oct 13 16:00:01 UTC 2025
script.py ended at Mon Oct 13 16:04:42 UTC 2025
access_token.py started at Tue Oct 14 08:00:02 UTC 2025
access_token.py ended at Tue Oct 14 08:00:03 UTC 2025
script.py started at Tue Oct 14 09:00:01 UTC 2025
script.py ended at Tue Oct 14 09:00:40 UTC 2025
access_token.py started at Tue Oct 14 15:00:02 UTC 2025
access_token.py ended at Tue Oct 14 15:00:03 UTC 2025
script.py started at Tue Oct 14 16:00:01 UTC 2025
script.py ended at Tue Oct 14 16:00:06 UTC 2025
access_token.py started at Wed Oct 15 08:00:01 UTC 2025
access_token.py ended at Wed Oct 15 08:00:02 UTC 2025
script.py started at Wed Oct 15 09:00:02 UTC 2025
script.py ended at Wed Oct 15 09:00:41 UTC 2025
access_token.py started at Wed Oct 15 15:00:01 UTC 2025
access_token.py ended at Wed Oct 15 15:00:02 UTC 2025
script.py started at Wed Oct 15 16:00:02 UTC 2025
script.py ended at Wed Oct 15 16:00:07 UTC 2025
access_token.py started at Thu Oct 16 08:00:02 UTC 2025
access_token.py ended at Thu Oct 16 08:00:03 UTC 2025
script.py started at Thu Oct 16 09:00:01 UTC 2025
script.py ended at Thu Oct 16 09:01:16 UTC 2025
access_token.py started at Thu Oct 16 15:00:01 UTC 2025
access_token.py ended at Thu Oct 16 15:00:02 UTC 2025
script.py started at Thu Oct 16 16:00:02 UTC 2025
script.py ended at Thu Oct 16 16:01:47 UTC 2025
access_token.py started at Fri Oct 17 08:00:01 UTC 2025
access_token.py ended at Fri Oct 17 08:00:02 UTC 2025
script.py started at Fri Oct 17 09:00:02 UTC 2025
script.py ended at Fri Oct 17 09:01:17 UTC 2025
access_token.py started at Fri Oct 17 15:00:01 UTC 2025
access_token.py ended at Fri Oct 17 15:00:02 UTC 2025
script.py started at Fri Oct 17 16:00:02 UTC 2025
script.py ended at Fri Oct 17 16:02:59 UTC 2025
access_token.py started at Sat Oct 18 08:00:02 UTC 2025
access_token.py ended at Sat Oct 18 08:00:02 UTC 2025
script.py started at Sat Oct 18 09:00:01 UTC 2025
script.py ended at Sat Oct 18 09:00:41 UTC 2025
access_token.py started at Sat Oct 18 15:00:02 UTC 2025
access_token.py ended at Sat Oct 18 15:00:02 UTC 2025
script.py started at Sat Oct 18 16:00:02 UTC 2025
script.py ended at Sat Oct 18 16:00:08 UTC 2025
access_token.py started at Sun Oct 19 08:00:02 UTC 2025
access_token.py ended at Sun Oct 19 08:00:02 UTC 2025
script.py started at Sun Oct 19 09:00:01 UTC 2025
script.py ended at Sun Oct 19 09:00:07 UTC 2025
access_token.py started at Sun Oct 19 15:00:02 UTC 2025
access_token.py ended at Sun Oct 19 15:00:02 UTC 2025
script.py started at Sun Oct 19 16:00:02 UTC 2025
script.py ended at Sun Oct 19 16:00:08 UTC 2025
access_token.py started at Mon Oct 20 08:00:02 UTC 2025
access_token.py ended at Mon Oct 20 08:00:03 UTC 2025
script.py started at Mon Oct 20 09:00:01 UTC 2025
script.py ended at Mon Oct 20 09:00:38 UTC 2025
access_token.py started at Mon Oct 20 15:00:02 UTC 2025
access_token.py ended at Mon Oct 20 15:00:02 UTC 2025
script.py started at Mon Oct 20 16:00:02 UTC 2025
script.py ended at Mon Oct 20 16:04:24 UTC 2025
access_token.py started at Tue Oct 21 08:00:02 UTC 2025
access_token.py ended at Tue Oct 21 08:00:02 UTC 2025
script.py started at Tue Oct 21 09:00:02 UTC 2025
script.py ended at Tue Oct 21 09:00:42 UTC 2025
access_token.py started at Tue Oct 21 15:00:02 UTC 2025
access_token.py ended at Tue Oct 21 15:00:02 UTC 2025
script.py started at Tue Oct 21 16:00:02 UTC 2025
script.py ended at Tue Oct 21 16:01:54 UTC 2025
access_token.py started at Wed Oct 22 08:00:01 UTC 2025
access_token.py ended at Wed Oct 22 08:00:02 UTC 2025
script.py started at Wed Oct 22 09:00:01 UTC 2025
script.py ended at Wed Oct 22 09:02:33 UTC 2025
access_token.py started at Wed Oct 22 15:00:01 UTC 2025
access_token.py ended at Wed Oct 22 15:00:02 UTC 2025
script.py started at Wed Oct 22 16:00:01 UTC 2025
script.py ended at Wed Oct 22 16:00:07 UTC 2025
access_token.py started at Thu Oct 23 08:00:01 UTC 2025
access_token.py ended at Thu Oct 23 08:00:02 UTC 2025
script.py started at Thu Oct 23 09:00:02 UTC 2025
script.py ended at Thu Oct 23 09:02:21 UTC 2025
access_token.py started at Thu Oct 23 15:00:01 UTC 2025
access_token.py ended at Thu Oct 23 15:00:02 UTC 2025
script.py started at Thu Oct 23 16:00:01 UTC 2025
script.py ended at Thu Oct 23 16:01:26 UTC 2025
access_token.py started at Fri Oct 24 08:00:02 UTC 2025
access_token.py ended at Fri Oct 24 08:00:03 UTC 2025
script.py started at Fri Oct 24 09:00:01 UTC 2025
script.py ended at Fri Oct 24 09:02:24 UTC 2025
access_token.py started at Fri Oct 24 15:00:01 UTC 2025
access_token.py ended at Fri Oct 24 15:00:02 UTC 2025
script.py started at Fri Oct 24 16:00:01 UTC 2025
script.py ended at Fri Oct 24 16:01:11 UTC 2025
access_token.py started at Sat Oct 25 08:00:02 UTC 2025
access_token.py ended at Sat Oct 25 08:00:03 UTC 2025
script.py started at Sat Oct 25 09:00:01 UTC 2025
script.py ended at Sat Oct 25 09:01:49 UTC 2025
access_token.py started at Sat Oct 25 15:00:02 UTC 2025
access_token.py ended at Sat Oct 25 15:00:02 UTC 2025
script.py started at Sat Oct 25 16:00:02 UTC 2025
script.py ended at Sat Oct 25 16:00:41 UTC 2025
access_token.py started at Sun Oct 26 08:00:02 UTC 2025
access_token.py ended at Sun Oct 26 08:00:03 UTC 2025
script.py started at Sun Oct 26 09:00:02 UTC 2025
script.py ended at Sun Oct 26 09:01:50 UTC 2025
access_token.py started at Sun Oct 26 15:00:01 UTC 2025
access_token.py ended at Sun Oct 26 15:00:02 UTC 2025
script.py started at Sun Oct 26 16:00:02 UTC 2025
script.py ended at Sun Oct 26 16:00:40 UTC 2025
access_token.py started at Mon Oct 27 08:00:01 UTC 2025
access_token.py ended at Mon Oct 27 08:00:02 UTC 2025
script.py started at Mon Oct 27 09:00:01 UTC 2025
script.py ended at Mon Oct 27 09:01:49 UTC 2025
access_token.py started at Mon Oct 27 15:00:02 UTC 2025
access_token.py ended at Mon Oct 27 15:00:02 UTC 2025
script.py started at Mon Oct 27 16:00:02 UTC 2025
script.py ended at Mon Oct 27 16:01:51 UTC 2025
access_token.py started at Tue Oct 28 08:00:02 UTC 2025
access_token.py ended at Tue Oct 28 08:00:03 UTC 2025
script.py started at Tue Oct 28 09:00:01 UTC 2025
script.py ended at Tue Oct 28 09:03:00 UTC 2025
access_token.py started at Tue Oct 28 15:00:02 UTC 2025
access_token.py ended at Tue Oct 28 15:00:03 UTC 2025
script.py started at Tue Oct 28 16:00:01 UTC 2025
script.py ended at Tue Oct 28 16:01:50 UTC 2025
access_token.py started at Wed Oct 29 08:00:02 UTC 2025
access_token.py ended at Wed Oct 29 08:00:03 UTC 2025
script.py started at Wed Oct 29 09:00:02 UTC 2025
script.py ended at Wed Oct 29 09:03:34 UTC 2025
access_token.py started at Wed Oct 29 15:00:02 UTC 2025
access_token.py ended at Wed Oct 29 15:00:02 UTC 2025
script.py started at Wed Oct 29 16:00:01 UTC 2025
script.py ended at Wed Oct 29 16:01:53 UTC 2025
access_token.py started at Thu Oct 30 08:00:02 UTC 2025
access_token.py ended at Thu Oct 30 08:00:03 UTC 2025
script.py started at Thu Oct 30 09:00:01 UTC 2025
script.py ended at Thu Oct 30 09:01:11 UTC 2025
access_token.py started at Thu Oct 30 15:00:01 UTC 2025
access_token.py ended at Thu Oct 30 15:00:02 UTC 2025
script.py started at Thu Oct 30 16:00:02 UTC 2025
script.py ended at Thu Oct 30 16:04:01 UTC 2025
access_token.py started at Fri Oct 31 08:00:01 UTC 2025
access_token.py ended at Fri Oct 31 08:00:02 UTC 2025
script.py started at Fri Oct 31 09:00:02 UTC 2025
script.py ended at Fri Oct 31 09:03:01 UTC 2025
access_token.py started at Fri Oct 31 15:00:02 UTC 2025
access_token.py ended at Fri Oct 31 15:00:02 UTC 2025
script.py started at Fri Oct 31 16:00:02 UTC 2025
script.py ended at Fri Oct 31 16:00:41 UTC 2025
access_token.py started at Sat Nov  1 08:00:01 UTC 2025
access_token.py ended at Sat Nov  1 08:00:02 UTC 2025
script.py started at Sat Nov  1 09:00:02 UTC 2025
script.py ended at Sat Nov  1 09:01:15 UTC 2025
access_token.py started at Sat Nov  1 15:00:01 UTC 2025
access_token.py ended at Sat Nov  1 15:00:02 UTC 2025
script.py started at Sat Nov  1 16:00:02 UTC 2025
script.py ended at Sat Nov  1 16:02:12 UTC 2025
access_token.py started at Sun Nov  2 09:00:02 UTC 2025
access_token.py ended at Sun Nov  2 09:00:03 UTC 2025
script.py started at Sun Nov  2 10:00:01 UTC 2025
script.py ended at Sun Nov  2 10:00:07 UTC 2025
access_token.py started at Sun Nov  2 16:00:02 UTC 2025
access_token.py ended at Sun Nov  2 16:00:02 UTC 2025
script.py started at Sun Nov  2 17:00:02 UTC 2025
script.py ended at Sun Nov  2 17:00:41 UTC 2025
access_token.py started at Mon Nov  3 09:00:01 UTC 2025
access_token.py ended at Mon Nov  3 09:00:02 UTC 2025
script.py started at Mon Nov  3 10:00:02 UTC 2025
script.py ended at Mon Nov  3 10:01:51 UTC 2025
access_token.py started at Mon Nov  3 16:00:02 UTC 2025
access_token.py ended at Mon Nov  3 16:00:02 UTC 2025
script.py started at Mon Nov  3 17:00:02 UTC 2025
script.py ended at Mon Nov  3 17:03:00 UTC 2025
access_token.py started at Tue Nov  4 09:00:02 UTC 2025
access_token.py ended at Tue Nov  4 09:00:03 UTC 2025
script.py started at Tue Nov  4 10:00:01 UTC 2025
script.py ended at Tue Nov  4 10:02:56 UTC 2025
access_token.py started at Tue Nov  4 16:00:02 UTC 2025
access_token.py ended at Tue Nov  4 16:00:02 UTC 2025
script.py started at Tue Nov  4 17:00:02 UTC 2025
script.py ended at Tue Nov  4 17:02:27 UTC 2025
access_token.py started at Wed Nov  5 09:00:01 UTC 2025
access_token.py ended at Wed Nov  5 09:00:02 UTC 2025
script.py started at Wed Nov  5 10:00:01 UTC 2025
script.py ended at Wed Nov  5 10:03:04 UTC 2025
access_token.py started at Wed Nov  5 16:00:02 UTC 2025
access_token.py ended at Wed Nov  5 16:00:02 UTC 2025
script.py started at Wed Nov  5 17:00:02 UTC 2025
script.py ended at Wed Nov  5 17:03:40 UTC 2025
access_token.py started at Thu Nov  6 09:00:02 UTC 2025
access_token.py ended at Thu Nov  6 09:00:03 UTC 2025
script.py started at Thu Nov  6 10:00:01 UTC 2025
script.py ended at Thu Nov  6 10:01:49 UTC 2025
access_token.py started at Thu Nov  6 16:00:02 UTC 2025
access_token.py ended at Thu Nov  6 16:00:02 UTC 2025
script.py started at Thu Nov  6 17:00:02 UTC 2025
script.py ended at Thu Nov  6 17:03:05 UTC 2025
access_token.py started at Fri Nov  7 09:00:01 UTC 2025
access_token.py ended at Fri Nov  7 09:00:02 UTC 2025
script.py started at Fri Nov  7 10:00:02 UTC 2025
script.py ended at Fri Nov  7 10:01:56 UTC 2025
access_token.py started at Fri Nov  7 16:00:02 UTC 2025
access_token.py ended at Fri Nov  7 16:00:02 UTC 2025
script.py started at Fri Nov  7 17:00:02 UTC 2025
script.py ended at Fri Nov  7 17:03:12 UTC 2025
access_token.py started at Sat Nov  8 09:00:01 UTC 2025
access_token.py ended at Sat Nov  8 09:00:03 UTC 2025
script.py started at Sat Nov  8 10:00:01 UTC 2025
script.py ended at Sat Nov  8 10:03:02 UTC 2025
access_token.py started at Sat Nov  8 16:00:02 UTC 2025
access_token.py ended at Sat Nov  8 16:00:02 UTC 2025
script.py started at Sat Nov  8 17:00:02 UTC 2025
script.py ended at Sat Nov  8 17:01:49 UTC 2025
access_token.py started at Sun Nov  9 09:00:01 UTC 2025
access_token.py ended at Sun Nov  9 09:00:02 UTC 2025
script.py started at Sun Nov  9 10:00:02 UTC 2025
script.py ended at Sun Nov  9 10:00:41 UTC 2025
access_token.py started at Sun Nov  9 16:00:01 UTC 2025
access_token.py ended at Sun Nov  9 16:00:02 UTC 2025
script.py started at Sun Nov  9 17:00:01 UTC 2025
script.py ended at Sun Nov  9 17:00:40 UTC 2025
access_token.py started at Mon Nov 10 09:00:01 UTC 2025
access_token.py ended at Mon Nov 10 09:00:02 UTC 2025
script.py started at Mon Nov 10 10:00:02 UTC 2025
script.py ended at Mon Nov 10 10:01:12 UTC 2025
access_token.py started at Mon Nov 10 16:00:01 UTC 2025
access_token.py ended at Mon Nov 10 16:00:02 UTC 2025
script.py started at Mon Nov 10 17:00:02 UTC 2025
script.py ended at Mon Nov 10 17:03:02 UTC 2025
access_token.py started at Tue Nov 11 09:00:02 UTC 2025
access_token.py ended at Tue Nov 11 09:00:03 UTC 2025
script.py started at Tue Nov 11 10:00:01 UTC 2025
script.py ended at Tue Nov 11 10:02:34 UTC 2025
access_token.py started at Tue Nov 11 16:00:01 UTC 2025
access_token.py ended at Tue Nov 11 16:00:02 UTC 2025
script.py started at Tue Nov 11 17:00:01 UTC 2025
script.py ended at Tue Nov 11 17:03:00 UTC 2025
access_token.py started at Wed Nov 12 09:00:01 UTC 2025
access_token.py ended at Wed Nov 12 09:00:02 UTC 2025
script.py started at Wed Nov 12 10:00:01 UTC 2025
script.py ended at Wed Nov 12 10:03:02 UTC 2025
access_token.py started at Wed Nov 12 16:00:02 UTC 2025
access_token.py ended at Wed Nov 12 16:00:02 UTC 2025
script.py started at Wed Nov 12 17:00:02 UTC 2025
script.py ended at Wed Nov 12 17:03:33 UTC 2025
access_token.py started at Thu Nov 13 09:00:01 UTC 2025
access_token.py ended at Thu Nov 13 09:00:03 UTC 2025
script.py started at Thu Nov 13 10:00:01 UTC 2025
script.py ended at Thu Nov 13 10:02:56 UTC 2025
access_token.py started at Thu Nov 13 16:00:01 UTC 2025
access_token.py ended at Thu Nov 13 16:00:02 UTC 2025
script.py started at Thu Nov 13 17:00:01 UTC 2025
script.py ended at Thu Nov 13 17:02:58 UTC 2025
access_token.py started at Fri Nov 14 09:00:01 UTC 2025
access_token.py ended at Fri Nov 14 09:00:02 UTC 2025
script.py started at Fri Nov 14 10:00:02 UTC 2025
script.py ended at Fri Nov 14 10:03:34 UTC 2025
access_token.py started at Fri Nov 14 16:00:01 UTC 2025
access_token.py ended at Fri Nov 14 16:00:02 UTC 2025
script.py started at Fri Nov 14 17:00:01 UTC 2025
script.py ended at Fri Nov 14 17:01:48 UTC 2025
access_token.py started at Sat Nov 15 09:00:02 UTC 2025
access_token.py ended at Sat Nov 15 09:00:02 UTC 2025
script.py started at Sat Nov 15 10:00:02 UTC 2025
script.py ended at Sat Nov 15 10:01:19 UTC 2025
access_token.py started at Sat Nov 15 16:00:01 UTC 2025
access_token.py ended at Sat Nov 15 16:00:02 UTC 2025
script.py started at Sat Nov 15 17:00:01 UTC 2025
script.py ended at Sat Nov 15 17:00:07 UTC 2025
access_token.py started at Sun Nov 16 09:00:01 UTC 2025
access_token.py ended at Sun Nov 16 09:00:02 UTC 2025
script.py started at Sun Nov 16 10:00:02 UTC 2025
script.py ended at Sun Nov 16 10:00:42 UTC 2025
access_token.py started at Sun Nov 16 16:00:01 UTC 2025
access_token.py ended at Sun Nov 16 16:00:02 UTC 2025
script.py started at Sun Nov 16 17:00:01 UTC 2025
script.py ended at Sun Nov 16 17:00:41 UTC 2025
access_token.py started at Mon Nov 17 09:00:01 UTC 2025
access_token.py ended at Mon Nov 17 09:00:02 UTC 2025
script.py started at Mon Nov 17 10:00:01 UTC 2025
script.py ended at Mon Nov 17 10:00:08 UTC 2025
access_token.py started at Mon Nov 17 16:00:02 UTC 2025
access_token.py ended at Mon Nov 17 16:00:02 UTC 2025
script.py started at Mon Nov 17 17:00:02 UTC 2025
script.py ended at Mon Nov 17 17:03:10 UTC 2025
access_token.py started at Tue Nov 18 09:00:01 UTC 2025
access_token.py ended at Tue Nov 18 09:00:02 UTC 2025
script.py started at Tue Nov 18 10:00:02 UTC 2025
script.py ended at Tue Nov 18 10:03:46 UTC 2025
access_token.py started at Tue Nov 18 16:00:02 UTC 2025
access_token.py ended at Tue Nov 18 16:00:03 UTC 2025
script.py started at Tue Nov 18 17:00:01 UTC 2025
script.py ended at Tue Nov 18 17:04:09 UTC 2025
access_token.py started at Wed Nov 19 09:00:02 UTC 2025
access_token.py ended at Wed Nov 19 09:00:02 UTC 2025
script.py started at Wed Nov 19 10:00:02 UTC 2025
script.py ended at Wed Nov 19 10:03:36 UTC 2025
access_token.py started at Wed Nov 19 16:00:01 UTC 2025
access_token.py ended at Wed Nov 19 16:00:02 UTC 2025
script.py started at Wed Nov 19 17:00:01 UTC 2025
script.py ended at Wed Nov 19 17:03:06 UTC 2025
access_token.py started at Thu Nov 20 09:00:02 UTC 2025
access_token.py ended at Thu Nov 20 09:00:02 UTC 2025
script.py started at Thu Nov 20 10:00:02 UTC 2025
script.py ended at Thu Nov 20 10:03:33 UTC 2025
access_token.py started at Thu Nov 20 16:00:02 UTC 2025
access_token.py ended at Thu Nov 20 16:00:02 UTC 2025
script.py started at Thu Nov 20 17:00:01 UTC 2025
script.py ended at Thu Nov 20 17:03:37 UTC 2025
access_token.py started at Fri Nov 21 09:00:02 UTC 2025
access_token.py ended at Fri Nov 21 09:00:02 UTC 2025
script.py started at Fri Nov 21 10:00:02 UTC 2025
script.py ended at Fri Nov 21 10:03:37 UTC 2025
access_token.py started at Fri Nov 21 16:00:01 UTC 2025
access_token.py ended at Fri Nov 21 16:00:02 UTC 2025
script.py started at Fri Nov 21 17:00:01 UTC 2025
script.py ended at Fri Nov 21 17:01:53 UTC 2025
access_token.py started at Sat Nov 22 09:00:02 UTC 2025
access_token.py ended at Sat Nov 22 09:00:02 UTC 2025
script.py started at Sat Nov 22 10:00:01 UTC 2025
script.py ended at Sat Nov 22 10:02:22 UTC 2025
access_token.py started at Sat Nov 22 16:00:02 UTC 2025
access_token.py ended at Sat Nov 22 16:00:02 UTC 2025
script.py started at Sat Nov 22 17:00:02 UTC 2025
script.py ended at Sat Nov 22 17:01:51 UTC 2025
access_token.py started at Sun Nov 23 09:00:02 UTC 2025
access_token.py ended at Sun Nov 23 09:00:02 UTC 2025
script.py started at Sun Nov 23 10:00:01 UTC 2025
script.py ended at Sun Nov 23 10:01:52 UTC 2025
access_token.py started at Sun Nov 23 16:00:01 UTC 2025
access_token.py ended at Sun Nov 23 16:00:02 UTC 2025
script.py started at Sun Nov 23 17:00:02 UTC 2025
script.py ended at Sun Nov 23 17:00:08 UTC 2025
access_token.py started at Mon Nov 24 09:00:02 UTC 2025
access_token.py ended at Mon Nov 24 09:00:02 UTC 2025
script.py started at Mon Nov 24 10:00:02 UTC 2025
script.py ended at Mon Nov 24 10:01:50 UTC 2025
access_token.py started at Mon Nov 24 16:00:02 UTC 2025
access_token.py ended at Mon Nov 24 16:00:02 UTC 2025
script.py started at Mon Nov 24 17:00:01 UTC 2025
script.py ended at Mon Nov 24 17:01:50 UTC 2025
access_token.py started at Tue Nov 25 09:00:01 UTC 2025
access_token.py ended at Tue Nov 25 09:00:02 UTC 2025
script.py started at Tue Nov 25 10:00:02 UTC 2025
script.py ended at Tue Nov 25 10:01:51 UTC 2025
access_token.py started at Tue Nov 25 16:00:02 UTC 2025
access_token.py ended at Tue Nov 25 16:00:03 UTC 2025
script.py started at Tue Nov 25 17:00:01 UTC 2025
script.py ended at Tue Nov 25 17:00:41 UTC 2025
access_token.py started at Wed Nov 26 09:00:01 UTC 2025
access_token.py ended at Wed Nov 26 09:00:02 UTC 2025
script.py started at Wed Nov 26 10:00:02 UTC 2025
script.py ended at Wed Nov 26 10:00:08 UTC 2025
access_token.py started at Wed Nov 26 16:00:02 UTC 2025
access_token.py ended at Wed Nov 26 16:00:02 UTC 2025
script.py started at Wed Nov 26 17:00:02 UTC 2025
script.py ended at Wed Nov 26 17:02:21 UTC 2025
access_token.py started at Thu Nov 27 09:00:01 UTC 2025
access_token.py ended at Thu Nov 27 09:00:02 UTC 2025
script.py started at Thu Nov 27 10:00:01 UTC 2025
script.py ended at Thu Nov 27 10:01:50 UTC 2025
access_token.py started at Thu Nov 27 16:00:01 UTC 2025
access_token.py ended at Thu Nov 27 16:00:02 UTC 2025
script.py started at Thu Nov 27 17:00:01 UTC 2025
script.py ended at Thu Nov 27 17:00:08 UTC 2025
access_token.py started at Fri Nov 28 09:00:01 UTC 2025
access_token.py ended at Fri Nov 28 09:00:02 UTC 2025
script.py started at Fri Nov 28 10:00:02 UTC 2025
script.py ended at Fri Nov 28 10:00:08 UTC 2025
access_token.py started at Fri Nov 28 16:00:02 UTC 2025
access_token.py ended at Fri Nov 28 16:00:02 UTC 2025
script.py started at Fri Nov 28 17:00:02 UTC 2025
script.py ended at Fri Nov 28 17:00:42 UTC 2025
access_token.py started at Sat Nov 29 09:00:02 UTC 2025
access_token.py ended at Sat Nov 29 09:00:02 UTC 2025
script.py started at Sat Nov 29 10:00:01 UTC 2025
script.py ended at Sat Nov 29 10:01:51 UTC 2025
access_token.py started at Sat Nov 29 16:00:02 UTC 2025
access_token.py ended at Sat Nov 29 16:00:02 UTC 2025
script.py started at Sat Nov 29 17:00:02 UTC 2025
script.py ended at Sat Nov 29 17:00:42 UTC 2025
access_token.py started at Sun Nov 30 09:00:01 UTC 2025
access_token.py ended at Sun Nov 30 09:00:02 UTC 2025
script.py started at Sun Nov 30 10:00:01 UTC 2025
script.py ended at Sun Nov 30 10:00:42 UTC 2025
access_token.py started at Sun Nov 30 16:00:02 UTC 2025
access_token.py ended at Sun Nov 30 16:00:02 UTC 2025
script.py started at Sun Nov 30 17:00:02 UTC 2025
script.py ended at Sun Nov 30 17:00:08 UTC 2025
access_token.py started at Mon Dec  1 09:00:02 UTC 2025
access_token.py ended at Mon Dec  1 09:00:02 UTC 2025
script.py started at Mon Dec  1 10:00:02 UTC 2025
script.py ended at Mon Dec  1 10:02:21 UTC 2025
access_token.py started at Mon Dec  1 16:00:02 UTC 2025
access_token.py ended at Mon Dec  1 16:00:02 UTC 2025
script.py started at Mon Dec  1 17:00:02 UTC 2025
script.py ended at Mon Dec  1 17:00:16 UTC 2025
access_token.py started at Tue Dec  2 09:00:01 UTC 2025
access_token.py ended at Tue Dec  2 09:00:02 UTC 2025
script.py started at Tue Dec  2 10:00:02 UTC 2025
script.py ended at Tue Dec  2 10:00:16 UTC 2025
access_token.py started at Tue Dec  2 16:00:02 UTC 2025
access_token.py ended at Tue Dec  2 16:00:02 UTC 2025
script.py started at Tue Dec  2 17:00:02 UTC 2025
script.py ended at Tue Dec  2 17:00:16 UTC 2025
access_token.py started at Wed Dec  3 09:00:01 UTC 2025
access_token.py ended at Wed Dec  3 09:00:03 UTC 2025
script.py started at Wed Dec  3 10:00:01 UTC 2025
script.py ended at Wed Dec  3 10:00:16 UTC 2025
access_token.py started at Wed Dec  3 16:00:01 UTC 2025
access_token.py ended at Wed Dec  3 16:00:02 UTC 2025
script.py started at Wed Dec  3 17:00:01 UTC 2025
script.py ended at Wed Dec  3 17:03:48 UTC 2025
access_token.py started at Thu Dec  4 09:00:02 UTC 2025
access_token.py ended at Thu Dec  4 09:00:02 UTC 2025
script.py started at Thu Dec  4 10:00:02 UTC 2025
script.py ended at Thu Dec  4 10:01:53 UTC 2025
access_token.py started at Thu Dec  4 16:00:01 UTC 2025
access_token.py ended at Thu Dec  4 16:00:02 UTC 2025
script.py started at Thu Dec  4 17:00:02 UTC 2025
script.py ended at Thu Dec  4 17:01:53 UTC 2025
access_token.py started at Fri Dec  5 09:00:02 UTC 2025
access_token.py ended at Fri Dec  5 09:00:03 UTC 2025
script.py started at Fri Dec  5 10:00:01 UTC 2025
script.py ended at Fri Dec  5 10:05:34 UTC 2025
access_token.py started at Fri Dec  5 16:00:01 UTC 2025
access_token.py ended at Fri Dec  5 16:00:02 UTC 2025
script.py started at Fri Dec  5 17:00:01 UTC 2025
script.py ended at Fri Dec  5 17:01:50 UTC 2025
access_token.py started at Sat Dec  6 09:00:01 UTC 2025
access_token.py ended at Sat Dec  6 09:00:02 UTC 2025
script.py started at Sat Dec  6 10:00:01 UTC 2025
script.py ended at Sat Dec  6 10:01:51 UTC 2025
access_token.py started at Sat Dec  6 16:00:02 UTC 2025
access_token.py ended at Sat Dec  6 16:00:02 UTC 2025
script.py started at Sat Dec  6 17:00:02 UTC 2025
script.py ended at Sat Dec  6 17:00:41 UTC 2025
access_token.py started at Sun Dec  7 09:00:02 UTC 2025
access_token.py ended at Sun Dec  7 09:00:03 UTC 2025
script.py started at Sun Dec  7 10:00:01 UTC 2025
script.py ended at Sun Dec  7 10:01:49 UTC 2025
access_token.py started at Sun Dec  7 16:00:02 UTC 2025
access_token.py ended at Sun Dec  7 16:00:02 UTC 2025
script.py started at Sun Dec  7 17:00:02 UTC 2025
script.py ended at Sun Dec  7 17:00:41 UTC 2025
access_token.py started at Mon Dec  8 09:00:01 UTC 2025
access_token.py ended at Mon Dec  8 09:00:02 UTC 2025
script.py started at Mon Dec  8 10:00:01 UTC 2025
script.py ended at Mon Dec  8 10:01:10 UTC 2025
access_token.py started at Mon Dec  8 16:00:01 UTC 2025
access_token.py ended at Mon Dec  8 16:00:02 UTC 2025
script.py started at Mon Dec  8 17:00:01 UTC 2025
script.py ended at Mon Dec  8 17:02:59 UTC 2025
access_token.py started at Tue Dec  9 09:00:01 UTC 2025
access_token.py ended at Tue Dec  9 09:00:02 UTC 2025
script.py started at Tue Dec  9 10:00:02 UTC 2025
script.py ended at Tue Dec  9 10:01:12 UTC 2025
access_token.py started at Tue Dec  9 16:00:02 UTC 2025
access_token.py ended at Tue Dec  9 16:00:02 UTC 2025
script.py started at Tue Dec  9 17:00:02 UTC 2025
script.py ended at Tue Dec  9 17:03:00 UTC 2025
access_token.py started at Wed Dec 10 09:00:01 UTC 2025
access_token.py ended at Wed Dec 10 09:00:02 UTC 2025
script.py started at Wed Dec 10 10:00:02 UTC 2025
script.py ended at Wed Dec 10 10:02:21 UTC 2025
access_token.py started at Wed Dec 10 16:00:02 UTC 2025
access_token.py ended at Wed Dec 10 16:00:03 UTC 2025
script.py started at Wed Dec 10 17:00:01 UTC 2025
script.py ended at Wed Dec 10 17:02:20 UTC 2025
access_token.py started at Thu Dec 11 09:00:02 UTC 2025
access_token.py ended at Thu Dec 11 09:00:03 UTC 2025
script.py started at Thu Dec 11 10:00:02 UTC 2025
script.py ended at Thu Dec 11 10:11:09 UTC 2025
access_token.py started at Thu Dec 11 16:00:02 UTC 2025
access_token.py ended at Thu Dec 11 16:00:02 UTC 2025
script.py started at Thu Dec 11 17:00:02 UTC 2025
script.py ended at Thu Dec 11 17:11:04 UTC 2025
access_token.py started at Fri Dec 12 09:00:01 UTC 2025
access_token.py ended at Fri Dec 12 09:00:03 UTC 2025
script.py started at Fri Dec 12 10:00:01 UTC 2025
script.py ended at Fri Dec 12 10:11:09 UTC 2025
access_token.py started at Fri Dec 12 16:00:02 UTC 2025
access_token.py ended at Fri Dec 12 16:00:02 UTC 2025
script.py started at Fri Dec 12 17:00:02 UTC 2025
script.py ended at Fri Dec 12 17:11:04 UTC 2025
access_token.py started at Sat Dec 13 09:00:01 UTC 2025
access_token.py ended at Sat Dec 13 09:00:02 UTC 2025
script.py started at Sat Dec 13 10:00:02 UTC 2025
script.py ended at Sat Dec 13 10:11:09 UTC 2025
access_token.py started at Sat Dec 13 16:00:02 UTC 2025
access_token.py ended at Sat Dec 13 16:00:02 UTC 2025
script.py started at Sat Dec 13 17:00:02 UTC 2025
script.py ended at Sat Dec 13 17:11:04 UTC 2025
access_token.py started at Sun Dec 14 09:00:01 UTC 2025
access_token.py ended at Sun Dec 14 09:00:02 UTC 2025
script.py started at Sun Dec 14 10:00:02 UTC 2025
script.py ended at Sun Dec 14 10:11:09 UTC 2025
access_token.py started at Sun Dec 14 16:00:01 UTC 2025
access_token.py ended at Sun Dec 14 16:00:02 UTC 2025
script.py started at Sun Dec 14 17:00:02 UTC 2025
script.py ended at Sun Dec 14 17:11:04 UTC 2025
access_token.py started at Mon Dec 15 09:00:01 UTC 2025
access_token.py ended at Mon Dec 15 09:00:03 UTC 2025
script.py started at Mon Dec 15 10:00:01 UTC 2025
script.py ended at Mon Dec 15 10:11:04 UTC 2025
access_token.py started at Mon Dec 15 16:00:01 UTC 2025
access_token.py ended at Mon Dec 15 16:00:02 UTC 2025
script.py started at Mon Dec 15 17:00:02 UTC 2025
script.py ended at Mon Dec 15 17:11:04 UTC 2025
access_token.py started at Tue Dec 16 09:00:01 UTC 2025
access_token.py ended at Tue Dec 16 09:00:02 UTC 2025
script.py started at Tue Dec 16 10:00:02 UTC 2025
script.py ended at Tue Dec 16 10:11:09 UTC 2025
access_token.py started at Tue Dec 16 16:00:01 UTC 2025
access_token.py ended at Tue Dec 16 16:00:02 UTC 2025
script.py started at Tue Dec 16 17:00:01 UTC 2025
script.py ended at Tue Dec 16 17:11:04 UTC 2025
access_token.py started at Wed Dec 17 09:00:01 UTC 2025
access_token.py ended at Wed Dec 17 09:00:03 UTC 2025
script.py started at Wed Dec 17 10:00:01 UTC 2025
script.py ended at Wed Dec 17 10:11:04 UTC 2025
access_token.py started at Wed Dec 17 16:00:01 UTC 2025
access_token.py ended at Wed Dec 17 16:00:02 UTC 2025
script.py started at Wed Dec 17 17:00:02 UTC 2025
script.py ended at Wed Dec 17 17:11:04 UTC 2025
access_token.py started at Thu Dec 18 09:00:01 UTC 2025
access_token.py ended at Thu Dec 18 09:00:02 UTC 2025
script.py started at Thu Dec 18 10:00:02 UTC 2025
script.py ended at Thu Dec 18 10:11:09 UTC 2025
access_token.py started at Thu Dec 18 16:00:02 UTC 2025
access_token.py ended at Thu Dec 18 16:00:02 UTC 2025
script.py started at Thu Dec 18 17:00:02 UTC 2025
script.py ended at Thu Dec 18 17:11:04 UTC 2025
access_token.py started at Fri Dec 19 09:00:01 UTC 2025
access_token.py ended at Fri Dec 19 09:00:02 UTC 2025
script.py started at Fri Dec 19 10:00:01 UTC 2025
script.py ended at Fri Dec 19 10:11:09 UTC 2025
access_token.py started at Fri Dec 19 16:00:01 UTC 2025
access_token.py ended at Fri Dec 19 16:00:02 UTC 2025
script.py started at Fri Dec 19 17:00:02 UTC 2025
script.py ended at Fri Dec 19 17:11:04 UTC 2025
access_token.py started at Sat Dec 20 09:00:01 UTC 2025
access_token.py ended at Sat Dec 20 09:00:02 UTC 2025
script.py started at Sat Dec 20 10:00:01 UTC 2025
script.py ended at Sat Dec 20 10:11:04 UTC 2025
access_token.py started at Sat Dec 20 16:00:01 UTC 2025
access_token.py ended at Sat Dec 20 16:00:02 UTC 2025
script.py started at Sat Dec 20 17:00:02 UTC 2025
script.py ended at Sat Dec 20 17:11:04 UTC 2025
access_token.py started at Sun Dec 21 09:00:01 UTC 2025
access_token.py ended at Sun Dec 21 09:00:02 UTC 2025
script.py started at Sun Dec 21 10:00:02 UTC 2025
script.py ended at Sun Dec 21 10:11:09 UTC 2025
access_token.py started at Sun Dec 21 16:00:02 UTC 2025
access_token.py ended at Sun Dec 21 16:00:02 UTC 2025
script.py started at Sun Dec 21 17:00:02 UTC 2025
script.py ended at Sun Dec 21 17:11:04 UTC 2025
access_token.py started at Mon Dec 22 09:00:01 UTC 2025
access_token.py ended at Mon Dec 22 09:00:02 UTC 2025
script.py started at Mon Dec 22 10:00:02 UTC 2025
script.py ended at Mon Dec 22 10:11:09 UTC 2025
access_token.py started at Mon Dec 22 16:00:01 UTC 2025
access_token.py ended at Mon Dec 22 16:00:02 UTC 2025
script.py started at Mon Dec 22 17:00:02 UTC 2025
script.py ended at Mon Dec 22 17:11:04 UTC 2025
access_token.py started at Tue Dec 23 09:00:01 UTC 2025
access_token.py ended at Tue Dec 23 09:00:02 UTC 2025
script.py started at Tue Dec 23 10:00:01 UTC 2025
script.py ended at Tue Dec 23 10:11:09 UTC 2025
access_token.py started at Tue Dec 23 16:00:01 UTC 2025
access_token.py ended at Tue Dec 23 16:00:03 UTC 2025
script.py started at Tue Dec 23 17:00:01 UTC 2025
script.py ended at Tue Dec 23 17:11:04 UTC 2025
access_token.py started at Wed Dec 24 09:00:01 UTC 2025
access_token.py ended at Wed Dec 24 09:00:02 UTC 2025
script.py started at Wed Dec 24 10:00:02 UTC 2025
script.py ended at Wed Dec 24 10:11:09 UTC 2025
access_token.py started at Wed Dec 24 16:00:02 UTC 2025
access_token.py ended at Wed Dec 24 16:00:02 UTC 2025
script.py started at Wed Dec 24 17:00:02 UTC 2025
script.py ended at Wed Dec 24 17:11:04 UTC 2025
access_token.py started at Thu Dec 25 09:00:01 UTC 2025
access_token.py ended at Thu Dec 25 09:00:02 UTC 2025
script.py started at Thu Dec 25 10:00:02 UTC 2025
script.py ended at Thu Dec 25 10:11:09 UTC 2025
access_token.py started at Thu Dec 25 16:00:01 UTC 2025
access_token.py ended at Thu Dec 25 16:00:02 UTC 2025
script.py started at Thu Dec 25 17:00:02 UTC 2025
script.py ended at Thu Dec 25 17:11:04 UTC 2025
access_token.py started at Fri Dec 26 09:00:01 UTC 2025
access_token.py ended at Fri Dec 26 09:00:02 UTC 2025
script.py started at Fri Dec 26 10:00:02 UTC 2025
script.py ended at Fri Dec 26 10:11:09 UTC 2025
access_token.py started at Fri Dec 26 16:00:02 UTC 2025
access_token.py ended at Fri Dec 26 16:00:02 UTC 2025
script.py started at Fri Dec 26 17:00:02 UTC 2025
script.py ended at Fri Dec 26 17:11:04 UTC 2025
access_token.py started at Sat Dec 27 09:00:01 UTC 2025
access_token.py ended at Sat Dec 27 09:00:02 UTC 2025
script.py started at Sat Dec 27 10:00:02 UTC 2025
script.py ended at Sat Dec 27 10:11:09 UTC 2025
access_token.py started at Sat Dec 27 16:00:01 UTC 2025
access_token.py ended at Sat Dec 27 16:00:02 UTC 2025
script.py started at Sat Dec 27 17:00:02 UTC 2025
script.py ended at Sat Dec 27 17:11:04 UTC 2025
access_token.py started at Sun Dec 28 09:00:01 UTC 2025
access_token.py ended at Sun Dec 28 09:00:02 UTC 2025
script.py started at Sun Dec 28 10:00:02 UTC 2025
script.py ended at Sun Dec 28 10:11:09 UTC 2025
access_token.py started at Sun Dec 28 16:00:02 UTC 2025
access_token.py ended at Sun Dec 28 16:00:02 UTC 2025
script.py started at Sun Dec 28 17:00:02 UTC 2025
script.py ended at Sun Dec 28 17:11:04 UTC 2025
access_token.py started at Mon Dec 29 09:00:01 UTC 2025
access_token.py ended at Mon Dec 29 09:00:02 UTC 2025
script.py started at Mon Dec 29 10:00:02 UTC 2025
script.py ended at Mon Dec 29 10:11:09 UTC 2025
access_token.py started at Mon Dec 29 16:00:01 UTC 2025
access_token.py ended at Mon Dec 29 16:00:03 UTC 2025
script.py started at Mon Dec 29 17:00:02 UTC 2025
script.py ended at Mon Dec 29 17:11:04 UTC 2025
access_token.py started at Tue Dec 30 09:00:01 UTC 2025
access_token.py ended at Tue Dec 30 09:00:02 UTC 2025
script.py started at Tue Dec 30 10:00:02 UTC 2025
script.py ended at Tue Dec 30 10:11:09 UTC 2025
access_token.py started at Tue Dec 30 16:00:01 UTC 2025
access_token.py ended at Tue Dec 30 16:00:03 UTC 2025
script.py started at Tue Dec 30 17:00:01 UTC 2025
script.py ended at Tue Dec 30 17:11:04 UTC 2025
access_token.py started at Wed Dec 31 09:00:01 UTC 2025
access_token.py ended at Wed Dec 31 09:00:02 UTC 2025
script.py started at Wed Dec 31 10:00:02 UTC 2025
script.py ended at Wed Dec 31 10:11:09 UTC 2025
access_token.py started at Wed Dec 31 16:00:02 UTC 2025
access_token.py ended at Wed Dec 31 16:00:02 UTC 2025
script.py started at Wed Dec 31 17:00:02 UTC 2025
script.py ended at Wed Dec 31 17:11:04 UTC 2025
access_token.py started at Thu Jan  1 09:00:01 UTC 2026
access_token.py ended at Thu Jan  1 09:00:02 UTC 2026
script.py started at Thu Jan  1 10:00:02 UTC 2026
script.py ended at Thu Jan  1 10:11:09 UTC 2026
access_token.py started at Thu Jan  1 16:00:02 UTC 2026
access_token.py ended at Thu Jan  1 16:00:02 UTC 2026
script.py started at Thu Jan  1 17:00:02 UTC 2026
script.py ended at Thu Jan  1 17:11:04 UTC 2026
access_token.py started at Fri Jan  2 09:00:01 UTC 2026
access_token.py ended at Fri Jan  2 09:00:02 UTC 2026
script.py started at Fri Jan  2 10:00:02 UTC 2026
script.py ended at Fri Jan  2 10:11:09 UTC 2026
access_token.py started at Fri Jan  2 16:00:02 UTC 2026
access_token.py ended at Fri Jan  2 16:00:02 UTC 2026
script.py started at Fri Jan  2 17:00:02 UTC 2026
script.py ended at Fri Jan  2 17:11:04 UTC 2026
access_token.py started at Sat Jan  3 09:00:01 UTC 2026
access_token.py ended at Sat Jan  3 09:00:02 UTC 2026
script.py started at Sat Jan  3 10:00:02 UTC 2026
script.py ended at Sat Jan  3 10:11:09 UTC 2026
access_token.py started at Sat Jan  3 16:00:02 UTC 2026
access_token.py ended at Sat Jan  3 16:00:03 UTC 2026
script.py started at Sat Jan  3 17:00:01 UTC 2026
script.py ended at Sat Jan  3 17:11:04 UTC 2026
access_token.py started at Sun Jan  4 09:00:01 UTC 2026
access_token.py ended at Sun Jan  4 09:00:02 UTC 2026
script.py started at Sun Jan  4 10:00:02 UTC 2026
script.py ended at Sun Jan  4 10:11:09 UTC 2026
access_token.py started at Sun Jan  4 16:00:02 UTC 2026
access_token.py ended at Sun Jan  4 16:00:02 UTC 2026
script.py started at Sun Jan  4 17:00:02 UTC 2026
script.py ended at Sun Jan  4 17:11:04 UTC 2026
access_token.py started at Mon Jan  5 09:00:01 UTC 2026
access_token.py ended at Mon Jan  5 09:00:02 UTC 2026
script.py started at Mon Jan  5 10:00:02 UTC 2026
script.py ended at Mon Jan  5 10:11:09 UTC 2026
access_token.py started at Mon Jan  5 16:00:01 UTC 2026
access_token.py ended at Mon Jan  5 16:00:03 UTC 2026
script.py started at Mon Jan  5 17:00:01 UTC 2026
script.py ended at Mon Jan  5 17:11:04 UTC 2026
access_token.py started at Tue Jan  6 09:00:01 UTC 2026
access_token.py ended at Tue Jan  6 09:00:02 UTC 2026
script.py started at Tue Jan  6 10:00:02 UTC 2026
script.py ended at Tue Jan  6 10:11:09 UTC 2026
access_token.py started at Tue Jan  6 16:00:01 UTC 2026
access_token.py ended at Tue Jan  6 16:00:02 UTC 2026
script.py started at Tue Jan  6 17:00:02 UTC 2026
script.py ended at Tue Jan  6 17:11:04 UTC 2026
access_token.py started at Wed Jan  7 09:00:01 UTC 2026
access_token.py ended at Wed Jan  7 09:00:02 UTC 2026
script.py started at Wed Jan  7 10:00:02 UTC 2026
script.py ended at Wed Jan  7 10:11:09 UTC 2026
access_token.py started at Wed Jan  7 16:00:02 UTC 2026
access_token.py ended at Wed Jan  7 16:00:02 UTC 2026
script.py started at Wed Jan  7 17:00:02 UTC 2026
script.py ended at Wed Jan  7 17:11:04 UTC 2026
access_token.py started at Thu Jan  8 09:00:01 UTC 2026
access_token.py ended at Thu Jan  8 09:00:02 UTC 2026
script.py started at Thu Jan  8 10:00:02 UTC 2026
script.py ended at Thu Jan  8 10:11:09 UTC 2026
access_token.py started at Thu Jan  8 16:00:01 UTC 2026
access_token.py ended at Thu Jan  8 16:00:02 UTC 2026
script.py started at Thu Jan  8 17:00:02 UTC 2026
script.py ended at Thu Jan  8 17:11:04 UTC 2026
access_token.py started at Fri Jan  9 09:00:01 UTC 2026
access_token.py ended at Fri Jan  9 09:00:03 UTC 2026
script.py started at Fri Jan  9 10:00:01 UTC 2026
script.py ended at Fri Jan  9 10:11:04 UTC 2026
access_token.py started at Fri Jan  9 16:00:01 UTC 2026
access_token.py ended at Fri Jan  9 16:00:02 UTC 2026
script.py started at Fri Jan  9 17:00:02 UTC 2026
script.py ended at Fri Jan  9 17:11:04 UTC 2026
access_token.py started at Sat Jan 10 09:00:01 UTC 2026
access_token.py ended at Sat Jan 10 09:00:03 UTC 2026
script.py started at Sat Jan 10 10:00:01 UTC 2026
script.py ended at Sat Jan 10 10:11:09 UTC 2026
access_token.py started at Sat Jan 10 16:00:02 UTC 2026
access_token.py ended at Sat Jan 10 16:00:02 UTC 2026
script.py started at Sat Jan 10 17:00:02 UTC 2026
script.py ended at Sat Jan 10 17:11:04 UTC 2026
access_token.py started at Sun Jan 11 09:00:01 UTC 2026
access_token.py ended at Sun Jan 11 09:00:02 UTC 2026
script.py started at Sun Jan 11 10:00:02 UTC 2026
script.py ended at Sun Jan 11 10:11:09 UTC 2026
access_token.py started at Sun Jan 11 16:00:02 UTC 2026
access_token.py ended at Sun Jan 11 16:00:02 UTC 2026
script.py started at Sun Jan 11 17:00:02 UTC 2026
script.py ended at Sun Jan 11 17:11:04 UTC 2026
access_token.py started at Mon Jan 12 09:00:01 UTC 2026
access_token.py ended at Mon Jan 12 09:00:02 UTC 2026
script.py started at Mon Jan 12 10:00:02 UTC 2026
script.py ended at Mon Jan 12 10:11:09 UTC 2026
access_token.py started at Mon Jan 12 16:00:02 UTC 2026
access_token.py ended at Mon Jan 12 16:00:02 UTC 2026
script.py started at Mon Jan 12 17:00:02 UTC 2026
script.py ended at Mon Jan 12 17:11:04 UTC 2026
access_token.py started at Tue Jan 13 09:00:01 UTC 2026
access_token.py ended at Tue Jan 13 09:00:02 UTC 2026
script.py started at Tue Jan 13 10:00:02 UTC 2026
script.py ended at Tue Jan 13 10:11:09 UTC 2026
access_token.py started at Tue Jan 13 16:00:01 UTC 2026
access_token.py ended at Tue Jan 13 16:00:02 UTC 2026
script.py started at Tue Jan 13 17:00:02 UTC 2026
script.py ended at Tue Jan 13 17:11:04 UTC 2026
access_token.py started at Wed Jan 14 09:00:01 UTC 2026
access_token.py ended at Wed Jan 14 09:00:02 UTC 2026
script.py started at Wed Jan 14 10:00:02 UTC 2026
script.py ended at Wed Jan 14 10:11:09 UTC 2026
access_token.py started at Wed Jan 14 16:00:01 UTC 2026
access_token.py ended at Wed Jan 14 16:00:03 UTC 2026
script.py started at Wed Jan 14 17:00:01 UTC 2026
script.py ended at Wed Jan 14 17:11:04 UTC 2026
access_token.py started at Thu Jan 15 09:00:01 UTC 2026
access_token.py ended at Thu Jan 15 09:00:03 UTC 2026
script.py started at Thu Jan 15 10:00:01 UTC 2026
script.py ended at Thu Jan 15 10:11:04 UTC 2026
access_token.py started at Thu Jan 15 16:00:01 UTC 2026
access_token.py ended at Thu Jan 15 16:00:02 UTC 2026
script.py started at Thu Jan 15 17:00:02 UTC 2026
script.py ended at Thu Jan 15 17:11:04 UTC 2026
access_token.py started at Fri Jan 16 09:00:01 UTC 2026
access_token.py ended at Fri Jan 16 09:00:02 UTC 2026
script.py started at Fri Jan 16 10:00:02 UTC 2026
script.py ended at Fri Jan 16 10:11:09 UTC 2026
access_token.py started at Fri Jan 16 16:00:02 UTC 2026
access_token.py ended at Fri Jan 16 16:00:02 UTC 2026
script.py started at Fri Jan 16 17:00:01 UTC 2026
script.py ended at Fri Jan 16 17:11:04 UTC 2026
access_token.py started at Sat Jan 17 09:00:01 UTC 2026
access_token.py ended at Sat Jan 17 09:00:02 UTC 2026
script.py started at Sat Jan 17 10:00:02 UTC 2026
script.py ended at Sat Jan 17 10:11:09 UTC 2026
access_token.py started at Sat Jan 17 16:00:01 UTC 2026
access_token.py ended at Sat Jan 17 16:00:02 UTC 2026
script.py started at Sat Jan 17 17:00:01 UTC 2026
script.py ended at Sat Jan 17 17:11:04 UTC 2026
access_token.py started at Sun Jan 18 09:00:01 UTC 2026
access_token.py ended at Sun Jan 18 09:00:03 UTC 2026
script.py started at Sun Jan 18 10:00:01 UTC 2026
script.py ended at Sun Jan 18 10:11:04 UTC 2026
access_token.py started at Sun Jan 18 16:00:01 UTC 2026
access_token.py ended at Sun Jan 18 16:00:03 UTC 2026
script.py started at Sun Jan 18 17:00:01 UTC 2026
script.py ended at Sun Jan 18 17:11:04 UTC 2026
access_token.py started at Mon Jan 19 09:00:01 UTC 2026
access_token.py ended at Mon Jan 19 09:00:03 UTC 2026
script.py started at Mon Jan 19 10:00:01 UTC 2026
script.py ended at Mon Jan 19 10:11:09 UTC 2026
access_token.py started at Mon Jan 19 16:00:02 UTC 2026
access_token.py ended at Mon Jan 19 16:00:03 UTC 2026
script.py started at Mon Jan 19 17:00:01 UTC 2026
script.py ended at Mon Jan 19 17:11:04 UTC 2026
access_token.py started at Tue Jan 20 09:00:01 UTC 2026
access_token.py ended at Tue Jan 20 09:00:02 UTC 2026
script.py started at Tue Jan 20 10:00:02 UTC 2026
script.py ended at Tue Jan 20 10:11:09 UTC 2026
access_token.py started at Tue Jan 20 16:00:01 UTC 2026
access_token.py ended at Tue Jan 20 16:00:02 UTC 2026
script.py started at Tue Jan 20 17:00:02 UTC 2026
script.py ended at Tue Jan 20 17:11:04 UTC 2026
access_token.py started at Wed Jan 21 09:00:01 UTC 2026
access_token.py ended at Wed Jan 21 09:00:02 UTC 2026
script.py started at Wed Jan 21 10:00:02 UTC 2026
script.py ended at Wed Jan 21 10:11:09 UTC 2026
access_token.py started at Wed Jan 21 16:00:01 UTC 2026
access_token.py ended at Wed Jan 21 16:00:02 UTC 2026
script.py started at Wed Jan 21 17:00:02 UTC 2026
script.py ended at Wed Jan 21 17:11:04 UTC 2026
access_token.py started at Thu Jan 22 09:00:01 UTC 2026
access_token.py ended at Thu Jan 22 09:00:02 UTC 2026
script.py started at Thu Jan 22 10:00:02 UTC 2026
script.py ended at Thu Jan 22 10:11:09 UTC 2026
access_token.py started at Thu Jan 22 16:00:01 UTC 2026
access_token.py ended at Thu Jan 22 16:00:02 UTC 2026
script.py started at Thu Jan 22 17:00:02 UTC 2026
script.py ended at Thu Jan 22 17:11:04 UTC 2026
access_token.py started at Fri Jan 23 09:00:01 UTC 2026
access_token.py ended at Fri Jan 23 09:00:02 UTC 2026
script.py started at Fri Jan 23 10:00:02 UTC 2026
script.py ended at Fri Jan 23 10:11:09 UTC 2026
access_token.py started at Fri Jan 23 16:00:01 UTC 2026
access_token.py ended at Fri Jan 23 16:00:02 UTC 2026
script.py started at Fri Jan 23 17:00:02 UTC 2026
script.py ended at Fri Jan 23 17:11:04 UTC 2026
access_token.py started at Sat Jan 24 09:00:01 UTC 2026
access_token.py ended at Sat Jan 24 09:00:02 UTC 2026
script.py started at Sat Jan 24 10:00:02 UTC 2026
script.py ended at Sat Jan 24 10:11:09 UTC 2026
access_token.py started at Sat Jan 24 16:00:01 UTC 2026
access_token.py ended at Sat Jan 24 16:00:02 UTC 2026
script.py started at Sat Jan 24 17:00:02 UTC 2026
script.py ended at Sat Jan 24 17:11:04 UTC 2026
access_token.py started at Sun Jan 25 09:00:01 UTC 2026
access_token.py ended at Sun Jan 25 09:00:02 UTC 2026
script.py started at Sun Jan 25 10:00:02 UTC 2026
script.py ended at Sun Jan 25 10:11:09 UTC 2026
access_token.py started at Sun Jan 25 16:00:01 UTC 2026
access_token.py ended at Sun Jan 25 16:00:03 UTC 2026
script.py started at Sun Jan 25 17:00:01 UTC 2026
script.py ended at Sun Jan 25 17:11:04 UTC 2026
access_token.py started at Mon Jan 26 09:00:01 UTC 2026
access_token.py ended at Mon Jan 26 09:00:02 UTC 2026
script.py started at Mon Jan 26 10:00:02 UTC 2026
script.py ended at Mon Jan 26 10:11:09 UTC 2026
access_token.py started at Mon Jan 26 16:00:02 UTC 2026
access_token.py ended at Mon Jan 26 16:00:03 UTC 2026
script.py started at Mon Jan 26 17:00:01 UTC 2026
script.py ended at Mon Jan 26 17:11:04 UTC 2026
access_token.py started at Tue Jan 27 09:00:01 UTC 2026
access_token.py ended at Tue Jan 27 09:00:02 UTC 2026
script.py started at Tue Jan 27 10:00:02 UTC 2026
script.py ended at Tue Jan 27 10:11:09 UTC 2026
access_token.py started at Tue Jan 27 16:00:01 UTC 2026
access_token.py ended at Tue Jan 27 16:00:02 UTC 2026
script.py started at Tue Jan 27 17:00:02 UTC 2026
script.py ended at Tue Jan 27 17:11:04 UTC 2026
access_token.py started at Wed Jan 28 09:00:01 UTC 2026
access_token.py ended at Wed Jan 28 09:00:02 UTC 2026
script.py started at Wed Jan 28 10:00:02 UTC 2026
script.py ended at Wed Jan 28 10:11:09 UTC 2026
access_token.py started at Wed Jan 28 16:00:02 UTC 2026
access_token.py ended at Wed Jan 28 16:00:03 UTC 2026
script.py started at Wed Jan 28 17:00:01 UTC 2026
script.py ended at Wed Jan 28 17:11:04 UTC 2026
access_token.py started at Thu Jan 29 09:00:01 UTC 2026
access_token.py ended at Thu Jan 29 09:00:03 UTC 2026
script.py started at Thu Jan 29 10:00:01 UTC 2026
script.py ended at Thu Jan 29 10:11:04 UTC 2026
access_token.py started at Thu Jan 29 16:00:01 UTC 2026
access_token.py ended at Thu Jan 29 16:00:02 UTC 2026
script.py started at Thu Jan 29 17:00:02 UTC 2026
script.py ended at Thu Jan 29 17:11:04 UTC 2026
access_token.py started at Fri Jan 30 09:00:01 UTC 2026
access_token.py ended at Fri Jan 30 09:00:02 UTC 2026
script.py started at Fri Jan 30 10:00:02 UTC 2026
script.py ended at Fri Jan 30 10:11:09 UTC 2026
access_token.py started at Fri Jan 30 16:00:02 UTC 2026
access_token.py ended at Fri Jan 30 16:00:02 UTC 2026
script.py started at Fri Jan 30 17:00:02 UTC 2026
script.py ended at Fri Jan 30 17:11:04 UTC 2026
access_token.py started at Sat Jan 31 09:00:01 UTC 2026
access_token.py ended at Sat Jan 31 09:00:02 UTC 2026
script.py started at Sat Jan 31 10:00:02 UTC 2026
script.py ended at Sat Jan 31 10:11:09 UTC 2026
access_token.py started at Sat Jan 31 16:00:02 UTC 2026
access_token.py ended at Sat Jan 31 16:00:02 UTC 2026
script.py started at Sat Jan 31 17:00:02 UTC 2026
script.py ended at Sat Jan 31 17:11:04 UTC 2026
access_token.py started at Sun Feb  1 09:00:01 UTC 2026
access_token.py ended at Sun Feb  1 09:00:02 UTC 2026
script.py started at Sun Feb  1 10:00:02 UTC 2026
script.py ended at Sun Feb  1 10:11:09 UTC 2026
access_token.py started at Sun Feb  1 16:00:02 UTC 2026
access_token.py ended at Sun Feb  1 16:00:02 UTC 2026
script.py started at Sun Feb  1 17:00:02 UTC 2026
script.py ended at Sun Feb  1 17:11:04 UTC 2026
access_token.py started at Mon Feb  2 09:00:01 UTC 2026
access_token.py ended at Mon Feb  2 09:00:02 UTC 2026
script.py started at Mon Feb  2 10:00:02 UTC 2026
script.py ended at Mon Feb  2 10:11:09 UTC 2026
access_token.py started at Mon Feb  2 16:00:01 UTC 2026
access_token.py ended at Mon Feb  2 16:00:02 UTC 2026
script.py started at Mon Feb  2 17:00:01 UTC 2026
script.py ended at Mon Feb  2 17:11:04 UTC 2026
access_token.py started at Tue Feb  3 09:00:01 UTC 2026
access_token.py ended at Tue Feb  3 09:00:02 UTC 2026
script.py started at Tue Feb  3 10:00:01 UTC 2026
script.py ended at Tue Feb  3 10:11:09 UTC 2026
access_token.py started at Tue Feb  3 16:00:01 UTC 2026
access_token.py ended at Tue Feb  3 16:00:02 UTC 2026
script.py started at Tue Feb  3 17:00:01 UTC 2026
script.py ended at Tue Feb  3 17:11:04 UTC 2026
access_token.py started at Wed Feb  4 09:00:01 UTC 2026
access_token.py ended at Wed Feb  4 09:00:02 UTC 2026
script.py started at Wed Feb  4 10:00:02 UTC 2026
script.py ended at Wed Feb  4 10:11:09 UTC 2026
access_token.py started at Wed Feb  4 16:00:02 UTC 2026
access_token.py ended at Wed Feb  4 16:00:03 UTC 2026
script.py started at Wed Feb  4 17:00:01 UTC 2026
script.py ended at Wed Feb  4 17:11:04 UTC 2026
access_token.py started at Thu Feb  5 09:00:01 UTC 2026
access_token.py ended at Thu Feb  5 09:00:02 UTC 2026
script.py started at Thu Feb  5 10:00:02 UTC 2026
script.py ended at Thu Feb  5 10:11:09 UTC 2026
access_token.py started at Thu Feb  5 16:00:02 UTC 2026
access_token.py ended at Thu Feb  5 16:00:02 UTC 2026
script.py started at Thu Feb  5 17:00:02 UTC 2026
script.py ended at Thu Feb  5 17:11:04 UTC 2026
access_token.py started at Fri Feb  6 09:00:01 UTC 2026
access_token.py ended at Fri Feb  6 09:00:03 UTC 2026
script.py started at Fri Feb  6 10:00:01 UTC 2026
script.py ended at Fri Feb  6 10:11:04 UTC 2026
access_token.py started at Fri Feb  6 16:00:01 UTC 2026
access_token.py ended at Fri Feb  6 16:00:02 UTC 2026
script.py started at Fri Feb  6 17:00:02 UTC 2026
script.py ended at Fri Feb  6 17:11:04 UTC 2026
access_token.py started at Sat Feb  7 09:00:02 UTC 2026
access_token.py ended at Sat Feb  7 09:00:02 UTC 2026
script.py started at Sat Feb  7 10:00:02 UTC 2026
script.py ended at Sat Feb  7 10:11:09 UTC 2026
access_token.py started at Sat Feb  7 16:00:02 UTC 2026
access_token.py ended at Sat Feb  7 16:00:02 UTC 2026
script.py started at Sat Feb  7 17:00:02 UTC 2026
script.py ended at Sat Feb  7 17:11:04 UTC 2026
access_token.py started at Sun Feb  8 09:00:01 UTC 2026
access_token.py ended at Sun Feb  8 09:00:02 UTC 2026
script.py started at Sun Feb  8 10:00:02 UTC 2026
script.py ended at Sun Feb  8 10:11:09 UTC 2026
access_token.py started at Sun Feb  8 16:00:02 UTC 2026
access_token.py ended at Sun Feb  8 16:00:02 UTC 2026
script.py started at Sun Feb  8 17:00:02 UTC 2026
script.py ended at Sun Feb  8 17:11:04 UTC 2026
access_token.py started at Mon Feb  9 09:00:01 UTC 2026
access_token.py ended at Mon Feb  9 09:00:02 UTC 2026
script.py started at Mon Feb  9 10:00:02 UTC 2026
script.py ended at Mon Feb  9 10:11:09 UTC 2026
access_token.py started at Mon Feb  9 16:00:02 UTC 2026
access_token.py ended at Mon Feb  9 16:00:03 UTC 2026
script.py started at Mon Feb  9 17:00:01 UTC 2026
script.py ended at Mon Feb  9 17:11:04 UTC 2026
access_token.py started at Tue Feb 10 09:00:01 UTC 2026
access_token.py ended at Tue Feb 10 09:00:02 UTC 2026
script.py started at Tue Feb 10 10:00:02 UTC 2026
script.py ended at Tue Feb 10 10:11:09 UTC 2026
access_token.py started at Tue Feb 10 16:00:02 UTC 2026
access_token.py ended at Tue Feb 10 16:00:03 UTC 2026
script.py started at Tue Feb 10 17:00:01 UTC 2026
script.py ended at Tue Feb 10 17:11:04 UTC 2026
access_token.py started at Wed Feb 11 09:00:01 UTC 2026
access_token.py ended at Wed Feb 11 09:00:02 UTC 2026
script.py started at Wed Feb 11 10:00:02 UTC 2026
script.py ended at Wed Feb 11 10:11:09 UTC 2026
access_token.py started at Wed Feb 11 16:00:01 UTC 2026
access_token.py ended at Wed Feb 11 16:00:02 UTC 2026
script.py started at Wed Feb 11 17:00:02 UTC 2026
script.py ended at Wed Feb 11 17:11:04 UTC 2026
access_token.py started at Thu Feb 12 09:00:01 UTC 2026
access_token.py ended at Thu Feb 12 09:00:02 UTC 2026
script.py started at Thu Feb 12 10:00:01 UTC 2026
script.py ended at Thu Feb 12 10:11:04 UTC 2026
access_token.py started at Thu Feb 12 16:00:01 UTC 2026
access_token.py ended at Thu Feb 12 16:00:02 UTC 2026
script.py started at Thu Feb 12 17:00:02 UTC 2026
script.py ended at Thu Feb 12 17:11:09 UTC 2026
access_token.py started at Fri Feb 13 09:00:01 UTC 2026
access_token.py ended at Fri Feb 13 09:00:02 UTC 2026
script.py started at Fri Feb 13 10:00:02 UTC 2026
script.py ended at Fri Feb 13 10:11:09 UTC 2026
access_token.py started at Fri Feb 13 16:00:01 UTC 2026
access_token.py ended at Fri Feb 13 16:00:02 UTC 2026
script.py started at Fri Feb 13 17:00:02 UTC 2026
script.py ended at Fri Feb 13 17:11:04 UTC 2026
access_token.py started at Sat Feb 14 09:00:01 UTC 2026
access_token.py ended at Sat Feb 14 09:00:03 UTC 2026
script.py started at Sat Feb 14 10:00:02 UTC 2026
script.py ended at Sat Feb 14 10:11:09 UTC 2026
access_token.py started at Sat Feb 14 16:00:02 UTC 2026
access_token.py ended at Sat Feb 14 16:00:02 UTC 2026
script.py started at Sat Feb 14 17:00:02 UTC 2026
script.py ended at Sat Feb 14 17:11:04 UTC 2026
access_token.py started at Sun Feb 15 09:00:01 UTC 2026
access_token.py ended at Sun Feb 15 09:00:02 UTC 2026
script.py started at Sun Feb 15 10:00:02 UTC 2026
script.py ended at Sun Feb 15 10:11:09 UTC 2026
access_token.py started at Sun Feb 15 16:00:02 UTC 2026
access_token.py ended at Sun Feb 15 16:00:03 UTC 2026
script.py started at Sun Feb 15 17:00:01 UTC 2026
script.py ended at Sun Feb 15 17:11:04 UTC 2026
access_token.py started at Mon Feb 16 09:00:02 UTC 2026
access_token.py ended at Mon Feb 16 09:00:02 UTC 2026
script.py started at Mon Feb 16 10:00:02 UTC 2026
script.py ended at Mon Feb 16 10:11:09 UTC 2026
access_token.py started at Mon Feb 16 16:00:02 UTC 2026
access_token.py ended at Mon Feb 16 16:00:02 UTC 2026
script.py started at Mon Feb 16 17:00:02 UTC 2026
script.py ended at Mon Feb 16 17:11:04 UTC 2026
access_token.py started at Tue Feb 17 09:00:01 UTC 2026
access_token.py ended at Tue Feb 17 09:00:03 UTC 2026
script.py started at Tue Feb 17 10:00:01 UTC 2026
script.py ended at Tue Feb 17 10:11:04 UTC 2026
access_token.py started at Tue Feb 17 16:00:01 UTC 2026
access_token.py ended at Tue Feb 17 16:00:02 UTC 2026
script.py started at Tue Feb 17 17:00:02 UTC 2026
script.py ended at Tue Feb 17 17:11:04 UTC 2026
access_token.py started at Wed Feb 18 09:00:01 UTC 2026
access_token.py ended at Wed Feb 18 09:00:02 UTC 2026
script.py started at Wed Feb 18 10:00:01 UTC 2026
script.py ended at Wed Feb 18 10:11:09 UTC 2026
access_token.py started at Wed Feb 18 16:00:02 UTC 2026
access_token.py ended at Wed Feb 18 16:00:02 UTC 2026
script.py started at Wed Feb 18 17:00:02 UTC 2026
script.py ended at Wed Feb 18 17:00:08 UTC 2026
access_token.py started at Thu Feb 19 09:00:02 UTC 2026
access_token.py ended at Thu Feb 19 09:00:03 UTC 2026
script.py started at Thu Feb 19 10:00:01 UTC 2026
script.py ended at Thu Feb 19 10:00:07 UTC 2026
access_token.py started at Thu Feb 19 16:00:01 UTC 2026
access_token.py ended at Thu Feb 19 16:00:02 UTC 2026
script.py started at Thu Feb 19 17:00:01 UTC 2026
script.py ended at Thu Feb 19 17:00:07 UTC 2026
access_token.py started at Fri Feb 20 09:00:01 UTC 2026
access_token.py ended at Fri Feb 20 09:00:03 UTC 2026
script.py started at Fri Feb 20 10:00:01 UTC 2026
script.py ended at Fri Feb 20 10:00:07 UTC 2026
access_token.py started at Fri Feb 20 16:00:02 UTC 2026
access_token.py ended at Fri Feb 20 16:00:03 UTC 2026
script.py started at Fri Feb 20 17:00:01 UTC 2026
script.py ended at Fri Feb 20 17:00:07 UTC 2026
access_token.py started at Sat Feb 21 09:00:01 UTC 2026
access_token.py ended at Sat Feb 21 09:00:02 UTC 2026
script.py started at Sat Feb 21 10:00:01 UTC 2026
script.py ended at Sat Feb 21 10:00:08 UTC 2026
access_token.py started at Sat Feb 21 16:00:01 UTC 2026
access_token.py ended at Sat Feb 21 16:00:02 UTC 2026
script.py started at Sat Feb 21 17:00:02 UTC 2026
script.py ended at Sat Feb 21 17:00:08 UTC 2026
access_token.py started at Sun Feb 22 09:00:02 UTC 2026
access_token.py ended at Sun Feb 22 09:00:02 UTC 2026
script.py started at Sun Feb 22 10:00:01 UTC 2026
script.py ended at Sun Feb 22 10:00:08 UTC 2026
access_token.py started at Sun Feb 22 16:00:01 UTC 2026
access_token.py ended at Sun Feb 22 16:00:02 UTC 2026
script.py started at Sun Feb 22 17:00:02 UTC 2026
script.py ended at Sun Feb 22 17:00:08 UTC 2026
access_token.py started at Mon Feb 23 09:00:02 UTC 2026
access_token.py ended at Mon Feb 23 09:00:02 UTC 2026
script.py started at Mon Feb 23 10:00:02 UTC 2026
script.py ended at Mon Feb 23 10:00:08 UTC 2026
access_token.py started at Mon Feb 23 16:00:02 UTC 2026
access_token.py ended at Mon Feb 23 16:00:03 UTC 2026
script.py started at Mon Feb 23 17:00:01 UTC 2026
script.py ended at Mon Feb 23 17:00:08 UTC 2026
access_token.py started at Tue Feb 24 09:00:02 UTC 2026
access_token.py ended at Tue Feb 24 09:00:02 UTC 2026
script.py started at Tue Feb 24 10:00:02 UTC 2026
script.py ended at Tue Feb 24 10:00:08 UTC 2026
access_token.py started at Tue Feb 24 16:00:02 UTC 2026
access_token.py ended at Tue Feb 24 16:00:03 UTC 2026
script.py started at Tue Feb 24 17:00:01 UTC 2026
script.py ended at Tue Feb 24 17:00:07 UTC 2026
access_token.py started at Wed Feb 25 09:00:02 UTC 2026
access_token.py ended at Wed Feb 25 09:00:02 UTC 2026
script.py started at Wed Feb 25 10:00:01 UTC 2026
script.py ended at Wed Feb 25 10:00:08 UTC 2026
access_token.py started at Wed Feb 25 16:00:01 UTC 2026
access_token.py ended at Wed Feb 25 16:00:02 UTC 2026
script.py started at Wed Feb 25 17:00:02 UTC 2026
script.py ended at Wed Feb 25 17:00:08 UTC 2026
access_token.py started at Thu Feb 26 09:00:01 UTC 2026
access_token.py ended at Thu Feb 26 09:00:02 UTC 2026
script.py started at Thu Feb 26 10:00:02 UTC 2026
script.py ended at Thu Feb 26 10:00:08 UTC 2026
access_token.py started at Thu Feb 26 16:00:02 UTC 2026
access_token.py ended at Thu Feb 26 16:00:03 UTC 2026
script.py started at Thu Feb 26 17:00:02 UTC 2026
script.py ended at Thu Feb 26 17:00:08 UTC 2026
access_token.py started at Fri Feb 27 09:00:01 UTC 2026
access_token.py ended at Fri Feb 27 09:00:02 UTC 2026
script.py started at Fri Feb 27 10:00:02 UTC 2026
script.py ended at Fri Feb 27 10:00:08 UTC 2026
access_token.py started at Fri Feb 27 16:00:02 UTC 2026
access_token.py ended at Fri Feb 27 16:00:03 UTC 2026
script.py started at Fri Feb 27 17:00:01 UTC 2026
script.py ended at Fri Feb 27 17:00:07 UTC 2026
access_token.py started at Sat Feb 28 09:00:01 UTC 2026
access_token.py ended at Sat Feb 28 09:00:02 UTC 2026
script.py started at Sat Feb 28 10:00:02 UTC 2026
script.py ended at Sat Feb 28 10:00:08 UTC 2026
access_token.py started at Sat Feb 28 16:00:02 UTC 2026
access_token.py ended at Sat Feb 28 16:00:03 UTC 2026
script.py started at Sat Feb 28 17:00:01 UTC 2026
script.py ended at Sat Feb 28 17:00:07 UTC 2026
access_token.py started at Sun Mar  1 09:00:01 UTC 2026
access_token.py ended at Sun Mar  1 09:00:02 UTC 2026
script.py started at Sun Mar  1 10:00:01 UTC 2026
script.py ended at Sun Mar  1 10:00:07 UTC 2026
access_token.py started at Sun Mar  1 16:00:01 UTC 2026
access_token.py ended at Sun Mar  1 16:00:02 UTC 2026
script.py started at Sun Mar  1 17:00:02 UTC 2026
script.py ended at Sun Mar  1 17:00:08 UTC 2026
access_token.py started at Mon Mar  2 09:00:02 UTC 2026
access_token.py ended at Mon Mar  2 09:00:02 UTC 2026
script.py started at Mon Mar  2 10:00:02 UTC 2026
script.py ended at Mon Mar  2 10:00:08 UTC 2026
access_token.py started at Mon Mar  2 16:00:02 UTC 2026
access_token.py ended at Mon Mar  2 16:00:02 UTC 2026
script.py started at Mon Mar  2 17:00:02 UTC 2026
script.py ended at Mon Mar  2 17:00:07 UTC 2026
access_token.py started at Tue Mar  3 09:00:02 UTC 2026
access_token.py ended at Tue Mar  3 09:00:02 UTC 2026
script.py started at Tue Mar  3 10:00:02 UTC 2026
script.py ended at Tue Mar  3 10:00:07 UTC 2026
access_token.py started at Tue Mar  3 16:00:01 UTC 2026
access_token.py ended at Tue Mar  3 16:00:02 UTC 2026
script.py started at Tue Mar  3 17:00:02 UTC 2026
script.py ended at Tue Mar  3 17:00:07 UTC 2026
access_token.py started at Wed Mar  4 09:00:02 UTC 2026
access_token.py ended at Wed Mar  4 09:00:03 UTC 2026
script.py started at Wed Mar  4 10:00:01 UTC 2026
script.py ended at Wed Mar  4 10:00:07 UTC 2026
access_token.py started at Wed Mar  4 16:00:01 UTC 2026
access_token.py ended at Wed Mar  4 16:00:02 UTC 2026
script.py started at Wed Mar  4 17:00:02 UTC 2026
script.py ended at Wed Mar  4 17:00:08 UTC 2026
access_token.py started at Thu Mar  5 09:00:02 UTC 2026
access_token.py ended at Thu Mar  5 09:00:03 UTC 2026
script.py started at Thu Mar  5 10:00:01 UTC 2026
script.py ended at Thu Mar  5 10:00:07 UTC 2026
access_token.py started at Thu Mar  5 16:00:01 UTC 2026
access_token.py ended at Thu Mar  5 16:00:02 UTC 2026
script.py started at Thu Mar  5 17:00:02 UTC 2026
script.py ended at Thu Mar  5 17:00:07 UTC 2026
access_token.py started at Fri Mar  6 09:00:02 UTC 2026
access_token.py ended at Fri Mar  6 09:00:03 UTC 2026
script.py started at Fri Mar  6 10:00:01 UTC 2026
script.py ended at Fri Mar  6 10:00:07 UTC 2026
access_token.py started at Fri Mar  6 16:00:02 UTC 2026
access_token.py ended at Fri Mar  6 16:00:03 UTC 2026
script.py started at Fri Mar  6 17:00:01 UTC 2026
script.py ended at Fri Mar  6 17:00:07 UTC 2026
access_token.py started at Sat Mar  7 09:00:01 UTC 2026
access_token.py ended at Sat Mar  7 09:00:02 UTC 2026
script.py started at Sat Mar  7 10:00:01 UTC 2026
script.py ended at Sat Mar  7 10:00:07 UTC 2026
access_token.py started at Sat Mar  7 16:00:02 UTC 2026
access_token.py ended at Sat Mar  7 16:00:03 UTC 2026
script.py started at Sat Mar  7 17:00:01 UTC 2026
script.py ended at Sat Mar  7 17:00:08 UTC 2026
access_token.py started at Sun Mar  8 08:00:02 UTC 2026
access_token.py ended at Sun Mar  8 08:00:03 UTC 2026
script.py started at Sun Mar  8 09:00:01 UTC 2026
script.py ended at Sun Mar  8 09:00:07 UTC 2026
access_token.py started at Sun Mar  8 15:00:01 UTC 2026
access_token.py ended at Sun Mar  8 15:00:02 UTC 2026
script.py started at Sun Mar  8 16:00:01 UTC 2026
script.py ended at Sun Mar  8 16:00:08 UTC 2026
access_token.py started at Mon Mar  9 08:00:02 UTC 2026
access_token.py ended at Mon Mar  9 08:00:02 UTC 2026
script.py started at Mon Mar  9 09:00:02 UTC 2026
script.py ended at Mon Mar  9 09:00:08 UTC 2026
access_token.py started at Mon Mar  9 15:00:01 UTC 2026
access_token.py ended at Mon Mar  9 15:00:02 UTC 2026
script.py started at Mon Mar  9 16:00:01 UTC 2026
script.py ended at Mon Mar  9 16:00:07 UTC 2026
access_token.py started at Tue Mar 10 08:00:01 UTC 2026
access_token.py ended at Tue Mar 10 08:00:02 UTC 2026
script.py started at Tue Mar 10 09:00:02 UTC 2026
script.py ended at Tue Mar 10 09:00:08 UTC 2026
access_token.py started at Tue Mar 10 15:00:01 UTC 2026
access_token.py ended at Tue Mar 10 15:00:02 UTC 2026
script.py started at Tue Mar 10 16:00:01 UTC 2026
script.py ended at Tue Mar 10 16:00:12 UTC 2026
access_token.py started at Wed Mar 11 08:00:02 UTC 2026
access_token.py ended at Wed Mar 11 08:00:03 UTC 2026
script.py started at Wed Mar 11 09:00:01 UTC 2026
script.py ended at Wed Mar 11 09:00:15 UTC 2026
access_token.py started at Wed Mar 11 15:00:01 UTC 2026
access_token.py ended at Wed Mar 11 15:00:02 UTC 2026
script.py started at Wed Mar 11 16:00:02 UTC 2026
script.py ended at Wed Mar 11 16:00:16 UTC 2026
access_token.py started at Thu Mar 12 08:00:02 UTC 2026
access_token.py ended at Thu Mar 12 08:00:03 UTC 2026
script.py started at Thu Mar 12 09:00:01 UTC 2026
script.py ended at Thu Mar 12 09:00:17 UTC 2026
access_token.py started at Thu Mar 12 15:00:01 UTC 2026
access_token.py ended at Thu Mar 12 15:00:02 UTC 2026
script.py started at Thu Mar 12 16:00:01 UTC 2026
script.py ended at Thu Mar 12 16:00:44 UTC 2026
access_token.py started at Fri Mar 13 08:00:01 UTC 2026
access_token.py ended at Fri Mar 13 08:00:02 UTC 2026
script.py started at Fri Mar 13 09:00:02 UTC 2026
script.py ended at Fri Mar 13 09:01:55 UTC 2026
access_token.py started at Fri Mar 13 15:00:01 UTC 2026
access_token.py ended at Fri Mar 13 15:00:02 UTC 2026
script.py started at Fri Mar 13 16:00:01 UTC 2026
script.py ended at Fri Mar 13 16:02:26 UTC 2026
access_token.py started at Sat Mar 14 08:00:01 UTC 2026
access_token.py ended at Sat Mar 14 08:00:02 UTC 2026
script.py started at Sat Mar 14 09:00:02 UTC 2026
script.py ended at Sat Mar 14 09:01:54 UTC 2026
access_token.py started at Sat Mar 14 15:00:01 UTC 2026
access_token.py ended at Sat Mar 14 15:00:02 UTC 2026
script.py started at Sat Mar 14 16:00:01 UTC 2026
script.py ended at Sat Mar 14 16:00:12 UTC 2026
access_token.py started at Sun Mar 15 08:00:02 UTC 2026
access_token.py ended at Sun Mar 15 08:00:02 UTC 2026
script.py started at Sun Mar 15 09:00:02 UTC 2026
script.py ended at Sun Mar 15 09:00:13 UTC 2026
access_token.py started at Sun Mar 15 15:00:01 UTC 2026
access_token.py ended at Sun Mar 15 15:00:02 UTC 2026
script.py started at Sun Mar 15 16:00:02 UTC 2026
script.py ended at Sun Mar 15 16:00:46 UTC 2026
access_token.py started at Mon Mar 16 08:00:01 UTC 2026
access_token.py ended at Mon Mar 16 08:00:02 UTC 2026
script.py started at Mon Mar 16 09:00:01 UTC 2026
script.py ended at Mon Mar 16 09:00:12 UTC 2026
access_token.py started at Mon Mar 16 15:00:02 UTC 2026
access_token.py ended at Mon Mar 16 15:00:03 UTC 2026
script.py started at Mon Mar 16 16:00:01 UTC 2026
script.py ended at Mon Mar 16 16:00:08 UTC 2026
access_token.py started at Tue Mar 17 08:00:02 UTC 2026
access_token.py ended at Tue Mar 17 08:00:02 UTC 2026
script.py started at Tue Mar 17 09:00:01 UTC 2026
script.py ended at Tue Mar 17 09:02:28 UTC 2026
access_token.py started at Tue Mar 17 15:00:02 UTC 2026
access_token.py ended at Tue Mar 17 15:00:02 UTC 2026
script.py started at Tue Mar 17 16:00:02 UTC 2026
script.py ended at Tue Mar 17 16:00:09 UTC 2026
access_token.py started at Wed Mar 18 08:00:02 UTC 2026
access_token.py ended at Wed Mar 18 08:00:03 UTC 2026
script.py started at Wed Mar 18 09:00:01 UTC 2026
script.py ended at Wed Mar 18 09:02:28 UTC 2026
access_token.py started at Wed Mar 18 15:00:01 UTC 2026
access_token.py ended at Wed Mar 18 15:00:02 UTC 2026
script.py started at Wed Mar 18 16:00:01 UTC 2026
script.py ended at Wed Mar 18 16:01:57 UTC 2026
access_token.py started at Thu Mar 19 08:00:02 UTC 2026
access_token.py ended at Thu Mar 19 08:00:02 UTC 2026
script.py started at Thu Mar 19 09:00:02 UTC 2026
script.py ended at Thu Mar 19 09:02:05 UTC 2026
access_token.py started at Thu Mar 19 15:00:01 UTC 2026
access_token.py ended at Thu Mar 19 15:00:02 UTC 2026
script.py started at Thu Mar 19 16:00:01 UTC 2026
script.py ended at Thu Mar 19 16:01:12 UTC 2026
access_token.py started at Fri Mar 20 08:00:02 UTC 2026
access_token.py ended at Fri Mar 20 08:00:03 UTC 2026
script.py started at Fri Mar 20 09:00:01 UTC 2026
script.py ended at Fri Mar 20 09:02:59 UTC 2026
access_token.py started at Fri Mar 20 15:00:01 UTC 2026
access_token.py ended at Fri Mar 20 15:00:02 UTC 2026
script.py started at Fri Mar 20 16:00:01 UTC 2026
script.py ended at Fri Mar 20 16:00:40 UTC 2026
access_token.py started at Sat Mar 21 08:00:02 UTC 2026
access_token.py ended at Sat Mar 21 08:00:02 UTC 2026
script.py started at Sat Mar 21 09:00:02 UTC 2026
script.py ended at Sat Mar 21 09:03:08 UTC 2026
access_token.py started at Sat Mar 21 15:00:01 UTC 2026
access_token.py ended at Sat Mar 21 15:00:02 UTC 2026
script.py started at Sat Mar 21 16:00:01 UTC 2026
script.py ended at Sat Mar 21 16:00:41 UTC 2026
access_token.py started at Sun Mar 22 08:00:01 UTC 2026
access_token.py ended at Sun Mar 22 08:00:02 UTC 2026
script.py started at Sun Mar 22 09:00:01 UTC 2026
script.py ended at Sun Mar 22 09:02:26 UTC 2026
access_token.py started at Sun Mar 22 15:00:02 UTC 2026
access_token.py ended at Sun Mar 22 15:00:02 UTC 2026
script.py started at Sun Mar 22 16:00:02 UTC 2026
script.py ended at Sun Mar 22 16:02:24 UTC 2026
access_token.py started at Mon Mar 23 08:00:01 UTC 2026
access_token.py ended at Mon Mar 23 08:00:02 UTC 2026
script.py started at Mon Mar 23 09:00:01 UTC 2026
script.py ended at Mon Mar 23 09:02:27 UTC 2026
access_token.py started at Mon Mar 23 15:00:02 UTC 2026
access_token.py ended at Mon Mar 23 15:00:02 UTC 2026
script.py started at Mon Mar 23 16:00:02 UTC 2026
script.py ended at Mon Mar 23 16:02:56 UTC 2026
access_token.py started at Tue Mar 24 08:00:01 UTC 2026
access_token.py ended at Tue Mar 24 08:00:03 UTC 2026
script.py started at Tue Mar 24 09:00:01 UTC 2026
script.py ended at Tue Mar 24 09:02:26 UTC 2026
access_token.py started at Tue Mar 24 15:00:01 UTC 2026
access_token.py ended at Tue Mar 24 15:00:02 UTC 2026
script.py started at Tue Mar 24 16:00:02 UTC 2026
script.py ended at Tue Mar 24 16:02:22 UTC 2026
access_token.py started at Wed Mar 25 08:00:02 UTC 2026
access_token.py ended at Wed Mar 25 08:00:03 UTC 2026
script.py started at Wed Mar 25 09:00:01 UTC 2026
script.py ended at Wed Mar 25 09:03:01 UTC 2026
access_token.py started at Wed Mar 25 15:00:01 UTC 2026
access_token.py ended at Wed Mar 25 15:00:02 UTC 2026
script.py started at Wed Mar 25 16:00:01 UTC 2026
script.py ended at Wed Mar 25 16:02:58 UTC 2026
access_token.py started at Thu Mar 26 08:00:01 UTC 2026
access_token.py ended at Thu Mar 26 08:00:02 UTC 2026
script.py started at Thu Mar 26 09:00:01 UTC 2026
script.py ended at Thu Mar 26 09:02:22 UTC 2026
access_token.py started at Thu Mar 26 15:00:01 UTC 2026
access_token.py ended at Thu Mar 26 15:00:02 UTC 2026
script.py started at Thu Mar 26 16:00:01 UTC 2026
script.py ended at Thu Mar 26 16:00:43 UTC 2026
access_token.py started at Fri Mar 27 08:00:01 UTC 2026
access_token.py ended at Fri Mar 27 08:00:02 UTC 2026
script.py started at Fri Mar 27 09:00:01 UTC 2026
script.py ended at Fri Mar 27 09:02:34 UTC 2026
access_token.py started at Fri Mar 27 15:00:01 UTC 2026
access_token.py ended at Fri Mar 27 15:00:02 UTC 2026
script.py started at Fri Mar 27 16:00:01 UTC 2026
script.py ended at Fri Mar 27 16:03:25 UTC 2026
access_token.py started at Sat Mar 28 08:00:01 UTC 2026
access_token.py ended at Sat Mar 28 08:00:02 UTC 2026
script.py started at Sat Mar 28 09:00:01 UTC 2026
script.py ended at Sat Mar 28 09:00:46 UTC 2026
access_token.py started at Sat Mar 28 15:00:01 UTC 2026
access_token.py ended at Sat Mar 28 15:00:02 UTC 2026
script.py started at Sat Mar 28 16:00:02 UTC 2026
script.py ended at Sat Mar 28 16:00:45 UTC 2026
access_token.py started at Sun Mar 29 08:00:01 UTC 2026
access_token.py ended at Sun Mar 29 08:00:02 UTC 2026
script.py started at Sun Mar 29 09:00:01 UTC 2026
script.py ended at Sun Mar 29 09:00:46 UTC 2026
access_token.py started at Sun Mar 29 15:00:02 UTC 2026
access_token.py ended at Sun Mar 29 15:00:03 UTC 2026
script.py started at Sun Mar 29 16:00:01 UTC 2026
script.py ended at Sun Mar 29 16:00:11 UTC 2026
access_token.py started at Mon Mar 30 08:00:02 UTC 2026
access_token.py ended at Mon Mar 30 08:00:02 UTC 2026
script.py started at Mon Mar 30 09:00:02 UTC 2026
script.py ended at Mon Mar 30 09:03:04 UTC 2026
access_token.py started at Mon Mar 30 15:00:02 UTC 2026
access_token.py ended at Mon Mar 30 15:00:02 UTC 2026
script.py started at Mon Mar 30 16:00:02 UTC 2026
script.py ended at Mon Mar 30 16:00:10 UTC 2026
access_token.py started at Tue Mar 31 08:00:02 UTC 2026
access_token.py ended at Tue Mar 31 08:00:02 UTC 2026
script.py started at Tue Mar 31 09:00:02 UTC 2026
script.py ended at Tue Mar 31 09:00:46 UTC 2026
access_token.py started at Tue Mar 31 15:00:01 UTC 2026
access_token.py ended at Tue Mar 31 15:00:02 UTC 2026
script.py started at Tue Mar 31 16:00:01 UTC 2026
script.py ended at Tue Mar 31 16:04:46 UTC 2026
access_token.py started at Wed Apr  1 08:00:01 UTC 2026
access_token.py ended at Wed Apr  1 08:00:02 UTC 2026
script.py started at Wed Apr  1 09:00:02 UTC 2026
script.py ended at Wed Apr  1 09:03:00 UTC 2026
access_token.py started at Wed Apr  1 15:00:01 UTC 2026
access_token.py ended at Wed Apr  1 15:00:02 UTC 2026
script.py started at Wed Apr  1 16:00:01 UTC 2026
script.py ended at Wed Apr  1 16:03:29 UTC 2026
access_token.py started at Thu Apr  2 08:00:01 UTC 2026
access_token.py ended at Thu Apr  2 08:00:02 UTC 2026
script.py started at Thu Apr  2 09:00:01 UTC 2026
script.py ended at Thu Apr  2 09:03:11 UTC 2026
access_token.py started at Thu Apr  2 15:00:01 UTC 2026
access_token.py ended at Thu Apr  2 15:00:02 UTC 2026
script.py started at Thu Apr  2 16:00:01 UTC 2026
script.py ended at Thu Apr  2 16:04:40 UTC 2026
access_token.py started at Fri Apr  3 08:00:02 UTC 2026
access_token.py ended at Fri Apr  3 08:00:03 UTC 2026
script.py started at Fri Apr  3 09:00:01 UTC 2026
script.py ended at Fri Apr  3 09:03:03 UTC 2026
access_token.py started at Fri Apr  3 15:00:02 UTC 2026
access_token.py ended at Fri Apr  3 15:00:02 UTC 2026
script.py started at Fri Apr  3 16:00:02 UTC 2026
script.py ended at Fri Apr  3 16:02:23 UTC 2026
access_token.py started at Sat Apr  4 08:00:01 UTC 2026
access_token.py ended at Sat Apr  4 08:00:02 UTC 2026
script.py started at Sat Apr  4 09:00:02 UTC 2026
script.py ended at Sat Apr  4 09:01:55 UTC 2026
access_token.py started at Sat Apr  4 15:00:01 UTC 2026
access_token.py ended at Sat Apr  4 15:00:02 UTC 2026
script.py started at Sat Apr  4 16:00:01 UTC 2026
script.py ended at Sat Apr  4 16:01:50 UTC 2026
access_token.py started at Sun Apr  5 08:00:02 UTC 2026
access_token.py ended at Sun Apr  5 08:00:02 UTC 2026
script.py started at Sun Apr  5 09:00:02 UTC 2026
script.py ended at Sun Apr  5 09:01:50 UTC 2026
access_token.py started at Sun Apr  5 15:00:02 UTC 2026
access_token.py ended at Sun Apr  5 15:00:02 UTC 2026
script.py started at Sun Apr  5 16:00:02 UTC 2026
script.py ended at Sun Apr  5 16:00:41 UTC 2026
access_token.py started at Mon Apr  6 08:00:02 UTC 2026
access_token.py ended at Mon Apr  6 08:00:07 UTC 2026
script.py started at Mon Apr  6 09:00:02 UTC 2026
script.py ended at Mon Apr  6 09:01:49 UTC 2026
access_token.py started at Mon Apr  6 15:00:02 UTC 2026
access_token.py ended at Mon Apr  6 15:00:03 UTC 2026
script.py started at Mon Apr  6 16:00:01 UTC 2026
script.py ended at Mon Apr  6 16:02:22 UTC 2026
access_token.py started at Tue Apr  7 08:00:02 UTC 2026
access_token.py ended at Tue Apr  7 08:00:03 UTC 2026
script.py started at Tue Apr  7 09:00:01 UTC 2026
script.py ended at Tue Apr  7 09:02:28 UTC 2026
access_token.py started at Tue Apr  7 15:00:01 UTC 2026
access_token.py ended at Tue Apr  7 15:00:02 UTC 2026
script.py started at Tue Apr  7 16:00:02 UTC 2026
script.py ended at Tue Apr  7 16:05:01 UTC 2026
access_token.py started at Wed Apr  8 08:00:01 UTC 2026
access_token.py ended at Wed Apr  8 08:00:02 UTC 2026
script.py started at Wed Apr  8 09:00:01 UTC 2026
script.py ended at Wed Apr  8 09:02:33 UTC 2026
access_token.py started at Wed Apr  8 15:00:01 UTC 2026
access_token.py ended at Wed Apr  8 15:00:02 UTC 2026
script.py started at Wed Apr  8 16:00:02 UTC 2026
script.py ended at Wed Apr  8 16:04:08 UTC 2026
access_token.py started at Thu Apr  9 08:00:01 UTC 2026
access_token.py ended at Thu Apr  9 08:00:02 UTC 2026
script.py started at Thu Apr  9 09:00:02 UTC 2026
script.py ended at Thu Apr  9 09:02:58 UTC 2026
access_token.py started at Thu Apr  9 15:00:01 UTC 2026
access_token.py ended at Thu Apr  9 15:00:02 UTC 2026
script.py started at Thu Apr  9 16:00:01 UTC 2026
script.py ended at Thu Apr  9 16:02:23 UTC 2026
access_token.py started at Fri Apr 10 08:00:02 UTC 2026
access_token.py ended at Fri Apr 10 08:00:03 UTC 2026
script.py started at Fri Apr 10 09:00:01 UTC 2026
script.py ended at Fri Apr 10 09:02:59 UTC 2026
access_token.py started at Fri Apr 10 15:00:02 UTC 2026
access_token.py ended at Fri Apr 10 15:00:03 UTC 2026
script.py started at Fri Apr 10 16:00:01 UTC 2026
script.py ended at Fri Apr 10 16:03:29 UTC 2026
access_token.py started at Sat Apr 11 08:00:01 UTC 2026
access_token.py ended at Sat Apr 11 08:00:02 UTC 2026
script.py started at Sat Apr 11 09:00:02 UTC 2026
script.py ended at Sat Apr 11 09:03:26 UTC 2026
access_token.py started at Sat Apr 11 15:00:01 UTC 2026
access_token.py ended at Sat Apr 11 15:00:02 UTC 2026
script.py started at Sat Apr 11 16:00:02 UTC 2026
script.py ended at Sat Apr 11 16:01:18 UTC 2026
access_token.py started at Sun Apr 12 08:00:01 UTC 2026
access_token.py ended at Sun Apr 12 08:00:02 UTC 2026
script.py started at Sun Apr 12 09:00:02 UTC 2026
script.py ended at Sun Apr 12 09:13:35 UTC 2026
access_token.py started at Sun Apr 12 15:00:01 UTC 2026
access_token.py ended at Sun Apr 12 15:00:02 UTC 2026
script.py started at Sun Apr 12 16:00:02 UTC 2026
script.py ended at Sun Apr 12 16:01:49 UTC 2026
access_token.py started at Mon Apr 13 08:00:02 UTC 2026
access_token.py ended at Mon Apr 13 08:00:02 UTC 2026
script.py started at Mon Apr 13 09:00:02 UTC 2026
script.py ended at Mon Apr 13 09:01:51 UTC 2026
access_token.py started at Mon Apr 13 15:00:02 UTC 2026
access_token.py ended at Mon Apr 13 15:00:03 UTC 2026
script.py started at Mon Apr 13 16:00:01 UTC 2026
script.py ended at Mon Apr 13 16:03:27 UTC 2026
access_token.py started at Tue Apr 14 08:00:01 UTC 2026
access_token.py ended at Tue Apr 14 08:00:02 UTC 2026
script.py started at Tue Apr 14 09:00:02 UTC 2026
script.py ended at Tue Apr 14 09:02:23 UTC 2026
access_token.py started at Tue Apr 14 15:00:01 UTC 2026
access_token.py ended at Tue Apr 14 15:00:02 UTC 2026
script.py started at Tue Apr 14 16:00:02 UTC 2026
script.py ended at Tue Apr 14 16:05:36 UTC 2026
access_token.py started at Wed Apr 15 08:00:01 UTC 2026
access_token.py ended at Wed Apr 15 08:00:02 UTC 2026
script.py started at Wed Apr 15 09:00:02 UTC 2026
script.py ended at Wed Apr 15 09:03:00 UTC 2026
access_token.py started at Wed Apr 15 15:00:01 UTC 2026
access_token.py ended at Wed Apr 15 15:00:02 UTC 2026
script.py started at Wed Apr 15 16:00:02 UTC 2026
script.py ended at Wed Apr 15 16:06:02 UTC 2026
access_token.py started at Thu Apr 16 08:00:01 UTC 2026
access_token.py ended at Thu Apr 16 08:00:02 UTC 2026
script.py started at Thu Apr 16 09:00:02 UTC 2026
script.py ended at Thu Apr 16 09:02:34 UTC 2026
access_token.py started at Thu Apr 16 15:00:02 UTC 2026
access_token.py ended at Thu Apr 16 15:00:02 UTC 2026
script.py started at Thu Apr 16 16:00:02 UTC 2026
script.py ended at Thu Apr 16 16:02:59 UTC 2026
access_token.py started at Fri Apr 17 08:00:02 UTC 2026
access_token.py ended at Fri Apr 17 08:00:03 UTC 2026
script.py started at Fri Apr 17 09:00:01 UTC 2026
script.py ended at Fri Apr 17 09:03:33 UTC 2026
access_token.py started at Fri Apr 17 15:00:01 UTC 2026
access_token.py ended at Fri Apr 17 15:00:02 UTC 2026
script.py started at Fri Apr 17 16:00:02 UTC 2026
script.py ended at Fri Apr 17 16:02:56 UTC 2026
access_token.py started at Sat Apr 18 08:00:02 UTC 2026
access_token.py ended at Sat Apr 18 08:00:02 UTC 2026
script.py started at Sat Apr 18 09:00:02 UTC 2026
script.py ended at Sat Apr 18 09:02:58 UTC 2026
access_token.py started at Sat Apr 18 15:00:02 UTC 2026
access_token.py ended at Sat Apr 18 15:00:03 UTC 2026
script.py started at Sat Apr 18 16:00:01 UTC 2026
script.py ended at Sat Apr 18 16:00:07 UTC 2026
access_token.py started at Sun Apr 19 08:00:02 UTC 2026
access_token.py ended at Sun Apr 19 08:00:03 UTC 2026
script.py started at Sun Apr 19 09:00:01 UTC 2026
script.py ended at Sun Apr 19 09:00:08 UTC 2026
access_token.py started at Sun Apr 19 15:00:01 UTC 2026
access_token.py ended at Sun Apr 19 15:00:02 UTC 2026
script.py started at Sun Apr 19 16:00:02 UTC 2026
script.py ended at Sun Apr 19 16:01:50 UTC 2026
access_token.py started at Mon Apr 20 08:00:01 UTC 2026
access_token.py ended at Mon Apr 20 08:00:02 UTC 2026
script.py started at Mon Apr 20 09:00:01 UTC 2026
script.py ended at Mon Apr 20 09:03:26 UTC 2026
access_token.py started at Mon Apr 20 15:00:01 UTC 2026
access_token.py ended at Mon Apr 20 15:00:02 UTC 2026
script.py started at Mon Apr 20 16:00:02 UTC 2026
script.py ended at Mon Apr 20 16:03:28 UTC 2026
access_token.py started at Tue Apr 21 08:00:02 UTC 2026
access_token.py ended at Tue Apr 21 08:00:02 UTC 2026
script.py started at Tue Apr 21 09:00:02 UTC 2026
script.py ended at Tue Apr 21 09:02:28 UTC 2026
access_token.py started at Tue Apr 21 15:00:01 UTC 2026
access_token.py ended at Tue Apr 21 15:00:02 UTC 2026
script.py started at Tue Apr 21 16:00:02 UTC 2026
script.py ended at Tue Apr 21 16:03:31 UTC 2026
access_token.py started at Wed Apr 22 08:00:02 UTC 2026
access_token.py ended at Wed Apr 22 08:00:02 UTC 2026
script.py started at Wed Apr 22 09:00:02 UTC 2026
script.py ended at Wed Apr 22 09:01:51 UTC 2026
access_token.py started at Wed Apr 22 15:00:01 UTC 2026
access_token.py ended at Wed Apr 22 15:00:02 UTC 2026
script.py started at Wed Apr 22 16:00:02 UTC 2026
script.py ended at Wed Apr 22 16:03:45 UTC 2026
access_token.py started at Thu Apr 23 08:00:01 UTC 2026
access_token.py ended at Thu Apr 23 08:00:02 UTC 2026
script.py started at Thu Apr 23 09:00:02 UTC 2026
script.py ended at Thu Apr 23 09:03:34 UTC 2026
access_token.py started at Thu Apr 23 15:00:01 UTC 2026
access_token.py ended at Thu Apr 23 15:00:02 UTC 2026
script.py started at Thu Apr 23 16:00:02 UTC 2026
script.py ended at Thu Apr 23 16:01:13 UTC 2026
access_token.py started at Fri Apr 24 08:00:01 UTC 2026
access_token.py ended at Fri Apr 24 08:00:02 UTC 2026
script.py started at Fri Apr 24 09:00:01 UTC 2026
script.py ended at Fri Apr 24 09:01:51 UTC 2026
access_token.py started at Fri Apr 24 15:00:01 UTC 2026
access_token.py ended at Fri Apr 24 15:00:02 UTC 2026
script.py started at Fri Apr 24 16:00:02 UTC 2026
script.py ended at Fri Apr 24 16:00:40 UTC 2026
access_token.py started at Sat Apr 25 08:00:02 UTC 2026
access_token.py ended at Sat Apr 25 08:00:03 UTC 2026
script.py started at Sat Apr 25 09:00:01 UTC 2026
script.py ended at Sat Apr 25 09:01:54 UTC 2026
access_token.py started at Sat Apr 25 15:00:02 UTC 2026
access_token.py ended at Sat Apr 25 15:00:02 UTC 2026
script.py started at Sat Apr 25 16:00:02 UTC 2026
script.py ended at Sat Apr 25 16:01:42 UTC 2026
access_token.py started at Sun Apr 26 08:00:01 UTC 2026
access_token.py ended at Sun Apr 26 08:00:03 UTC 2026
script.py started at Sun Apr 26 09:00:01 UTC 2026
script.py ended at Sun Apr 26 09:01:51 UTC 2026
access_token.py started at Sun Apr 26 15:00:02 UTC 2026
access_token.py ended at Sun Apr 26 15:00:02 UTC 2026
script.py started at Sun Apr 26 16:00:02 UTC 2026
script.py ended at Sun Apr 26 16:00:41 UTC 2026
access_token.py started at Mon Apr 27 08:00:02 UTC 2026
access_token.py ended at Mon Apr 27 08:00:03 UTC 2026
script.py started at Mon Apr 27 09:00:01 UTC 2026
script.py ended at Mon Apr 27 09:01:50 UTC 2026
access_token.py started at Mon Apr 27 15:00:01 UTC 2026
access_token.py ended at Mon Apr 27 15:00:02 UTC 2026
script.py started at Mon Apr 27 16:00:01 UTC 2026
script.py ended at Mon Apr 27 16:03:31 UTC 2026
access_token.py started at Tue Apr 28 08:00:02 UTC 2026
access_token.py ended at Tue Apr 28 08:00:02 UTC 2026
script.py started at Tue Apr 28 09:00:02 UTC 2026
script.py ended at Tue Apr 28 09:02:06 UTC 2026
access_token.py started at Tue Apr 28 15:00:02 UTC 2026
access_token.py ended at Tue Apr 28 15:00:03 UTC 2026
script.py started at Tue Apr 28 16:00:01 UTC 2026
script.py ended at Tue Apr 28 16:01:47 UTC 2026
access_token.py started at Wed Apr 29 08:00:02 UTC 2026
access_token.py ended at Wed Apr 29 08:00:03 UTC 2026
script.py started at Wed Apr 29 09:00:01 UTC 2026
script.py ended at Wed Apr 29 09:01:55 UTC 2026
access_token.py started at Wed Apr 29 15:00:02 UTC 2026
access_token.py ended at Wed Apr 29 15:00:02 UTC 2026
script.py started at Wed Apr 29 16:00:02 UTC 2026
script.py ended at Wed Apr 29 16:02:58 UTC 2026
access_token.py started at Thu Apr 30 08:00:02 UTC 2026
access_token.py ended at Thu Apr 30 08:00:02 UTC 2026
script.py started at Thu Apr 30 09:00:02 UTC 2026
script.py ended at Thu Apr 30 09:03:55 UTC 2026
access_token.py started at Thu Apr 30 15:00:02 UTC 2026
access_token.py ended at Thu Apr 30 15:00:03 UTC 2026
script.py started at Thu Apr 30 16:00:01 UTC 2026
script.py ended at Thu Apr 30 16:03:44 UTC 2026
access_token.py started at Fri May  1 08:00:02 UTC 2026
access_token.py ended at Fri May  1 08:00:03 UTC 2026
script.py started at Fri May  1 09:00:01 UTC 2026
script.py ended at Fri May  1 09:03:56 UTC 2026
access_token.py started at Fri May  1 15:00:01 UTC 2026
access_token.py ended at Fri May  1 15:00:02 UTC 2026
script.py started at Fri May  1 16:00:02 UTC 2026
script.py ended at Fri May  1 16:01:51 UTC 2026
access_token.py started at Sat May  2 08:00:02 UTC 2026
access_token.py ended at Sat May  2 08:00:02 UTC 2026
script.py started at Sat May  2 09:00:02 UTC 2026
script.py ended at Sat May  2 09:02:24 UTC 2026
access_token.py started at Sat May  2 15:00:02 UTC 2026
access_token.py ended at Sat May  2 15:00:03 UTC 2026
script.py started at Sat May  2 16:00:01 UTC 2026
script.py ended at Sat May  2 16:01:12 UTC 2026
access_token.py started at Sun May  3 08:00:02 UTC 2026
access_token.py ended at Sun May  3 08:00:03 UTC 2026
script.py started at Sun May  3 09:00:01 UTC 2026
script.py ended at Sun May  3 09:01:13 UTC 2026
access_token.py started at Sun May  3 15:00:02 UTC 2026
access_token.py ended at Sun May  3 15:00:02 UTC 2026
script.py started at Sun May  3 16:00:02 UTC 2026
script.py ended at Sun May  3 16:00:08 UTC 2026
access_token.py started at Mon May  4 08:00:02 UTC 2026
access_token.py ended at Mon May  4 08:00:03 UTC 2026
script.py started at Mon May  4 09:00:02 UTC 2026
script.py ended at Mon May  4 09:00:42 UTC 2026
access_token.py started at Mon May  4 15:00:02 UTC 2026
access_token.py ended at Mon May  4 15:00:02 UTC 2026
script.py started at Mon May  4 16:00:02 UTC 2026
script.py ended at Mon May  4 16:01:46 UTC 2026
access_token.py started at Tue May  5 08:00:01 UTC 2026
access_token.py ended at Tue May  5 08:00:02 UTC 2026
script.py started at Tue May  5 09:00:02 UTC 2026
script.py ended at Tue May  5 09:02:33 UTC 2026
access_token.py started at Tue May  5 15:00:02 UTC 2026
access_token.py ended at Tue May  5 15:00:02 UTC 2026
script.py started at Tue May  5 16:00:02 UTC 2026
script.py ended at Tue May  5 16:04:30 UTC 2026
access_token.py started at Wed May  6 08:00:02 UTC 2026
access_token.py ended at Wed May  6 08:00:03 UTC 2026
script.py started at Wed May  6 09:00:01 UTC 2026
script.py ended at Wed May  6 09:02:26 UTC 2026
access_token.py started at Wed May  6 15:00:01 UTC 2026
access_token.py ended at Wed May  6 15:00:02 UTC 2026
script.py started at Wed May  6 16:00:02 UTC 2026
script.py ended at Wed May  6 16:02:58 UTC 2026
access_token.py started at Thu May  7 08:00:01 UTC 2026
access_token.py ended at Thu May  7 08:00:02 UTC 2026
script.py started at Thu May  7 09:00:02 UTC 2026
script.py ended at Thu May  7 09:01:56 UTC 2026
access_token.py started at Thu May  7 15:00:02 UTC 2026
access_token.py ended at Thu May  7 15:00:02 UTC 2026
script.py started at Thu May  7 16:00:01 UTC 2026
script.py ended at Thu May  7 16:04:10 UTC 2026
access_token.py started at Fri May  8 08:00:01 UTC 2026
access_token.py ended at Fri May  8 08:00:02 UTC 2026
script.py started at Fri May  8 09:00:02 UTC 2026
script.py ended at Fri May  8 09:03:33 UTC 2026
access_token.py started at Fri May  8 15:00:02 UTC 2026
access_token.py ended at Fri May  8 15:00:02 UTC 2026
script.py started at Fri May  8 16:00:02 UTC 2026
script.py ended at Fri May  8 16:03:41 UTC 2026
access_token.py started at Sat May  9 08:00:01 UTC 2026
access_token.py ended at Sat May  9 08:00:02 UTC 2026
script.py started at Sat May  9 09:00:02 UTC 2026
script.py ended at Sat May  9 09:04:35 UTC 2026
access_token.py started at Sat May  9 15:00:02 UTC 2026
access_token.py ended at Sat May  9 15:00:03 UTC 2026
script.py started at Sat May  9 16:00:02 UTC 2026
script.py ended at Sat May  9 16:00:40 UTC 2026
access_token.py started at Sun May 10 08:00:02 UTC 2026
access_token.py ended at Sun May 10 08:00:03 UTC 2026
script.py started at Sun May 10 09:00:02 UTC 2026
script.py ended at Sun May 10 09:07:29 UTC 2026
access_token.py started at Sun May 10 15:00:02 UTC 2026
access_token.py ended at Sun May 10 15:00:02 UTC 2026
script.py started at Sun May 10 16:00:02 UTC 2026
script.py ended at Sun May 10 16:01:11 UTC 2026
access_token.py started at Mon May 11 08:00:01 UTC 2026
access_token.py ended at Mon May 11 08:00:02 UTC 2026
script.py started at Mon May 11 09:00:02 UTC 2026
script.py ended at Mon May 11 09:02:55 UTC 2026
access_token.py started at Mon May 11 15:00:01 UTC 2026
access_token.py ended at Mon May 11 15:00:02 UTC 2026
script.py started at Mon May 11 16:00:01 UTC 2026
script.py ended at Mon May 11 16:01:53 UTC 2026
access_token.py started at Tue May 12 08:00:01 UTC 2026
access_token.py ended at Tue May 12 08:00:02 UTC 2026
script.py started at Tue May 12 09:00:02 UTC 2026
script.py ended at Tue May 12 09:03:33 UTC 2026
access_token.py started at Tue May 12 15:00:01 UTC 2026
access_token.py ended at Tue May 12 15:00:02 UTC 2026
script.py started at Tue May 12 16:00:02 UTC 2026
script.py ended at Tue May 12 16:02:22 UTC 2026
access_token.py started at Wed May 13 08:00:02 UTC 2026
access_token.py ended at Wed May 13 08:00:03 UTC 2026
script.py started at Wed May 13 09:00:01 UTC 2026
script.py ended at Wed May 13 09:01:54 UTC 2026
access_token.py started at Wed May 13 15:00:02 UTC 2026
access_token.py ended at Wed May 13 15:00:03 UTC 2026
script.py started at Wed May 13 16:00:01 UTC 2026
script.py ended at Wed May 13 16:02:25 UTC 2026
access_token.py started at Thu May 14 08:00:01 UTC 2026
access_token.py ended at Thu May 14 08:00:02 UTC 2026
script.py started at Thu May 14 09:00:02 UTC 2026
script.py ended at Thu May 14 09:02:25 UTC 2026
access_token.py started at Thu May 14 15:00:02 UTC 2026
access_token.py ended at Thu May 14 15:00:03 UTC 2026
script.py started at Thu May 14 16:00:01 UTC 2026
script.py ended at Thu May 14 16:02:23 UTC 2026
access_token.py started at Fri May 15 08:00:01 UTC 2026
access_token.py ended at Fri May 15 08:00:02 UTC 2026
script.py started at Fri May 15 09:00:02 UTC 2026
script.py ended at Fri May 15 09:02:24 UTC 2026
access_token.py started at Fri May 15 15:00:02 UTC 2026
access_token.py ended at Fri May 15 15:00:02 UTC 2026
script.py started at Fri May 15 16:00:02 UTC 2026
script.py ended at Fri May 15 16:00:42 UTC 2026
access_token.py started at Sat May 16 08:00:02 UTC 2026
access_token.py ended at Sat May 16 08:00:03 UTC 2026
script.py started at Sat May 16 09:00:01 UTC 2026
script.py ended at Sat May 16 09:01:50 UTC 2026
access_token.py started at Sat May 16 15:00:01 UTC 2026
access_token.py ended at Sat May 16 15:00:02 UTC 2026
script.py started at Sat May 16 16:00:01 UTC 2026
script.py ended at Sat May 16 16:00:08 UTC 2026
access_token.py started at Sun May 17 08:00:01 UTC 2026
access_token.py ended at Sun May 17 08:00:02 UTC 2026
script.py started at Sun May 17 09:00:01 UTC 2026
script.py ended at Sun May 17 09:00:41 UTC 2026
access_token.py started at Sun May 17 15:00:02 UTC 2026
access_token.py ended at Sun May 17 15:00:02 UTC 2026
script.py started at Sun May 17 16:00:02 UTC 2026
script.py ended at Sun May 17 16:02:21 UTC 2026
access_token.py started at Mon May 18 08:00:02 UTC 2026
access_token.py ended at Mon May 18 08:00:02 UTC 2026
script.py started at Mon May 18 09:00:02 UTC 2026
script.py ended at Mon May 18 09:00:42 UTC 2026
access_token.py started at Mon May 18 15:00:02 UTC 2026
access_token.py ended at Mon May 18 15:00:03 UTC 2026
script.py started at Mon May 18 16:00:02 UTC 2026
script.py ended at Mon May 18 16:03:22 UTC 2026
access_token.py started at Tue May 19 08:00:02 UTC 2026
access_token.py ended at Tue May 19 08:00:02 UTC 2026
script.py started at Tue May 19 09:00:02 UTC 2026
script.py ended at Tue May 19 09:01:50 UTC 2026
access_token.py started at Tue May 19 15:00:01 UTC 2026
access_token.py ended at Tue May 19 15:00:02 UTC 2026
script.py started at Tue May 19 16:00:02 UTC 2026
script.py ended at Tue May 19 16:00:10 UTC 2026
access_token.py started at Wed May 20 08:00:02 UTC 2026
access_token.py ended at Wed May 20 08:00:03 UTC 2026
script.py started at Wed May 20 09:00:02 UTC 2026
script.py ended at Wed May 20 09:03:00 UTC 2026
access_token.py started at Wed May 20 15:00:02 UTC 2026
access_token.py ended at Wed May 20 15:00:02 UTC 2026
script.py started at Wed May 20 16:00:02 UTC 2026
script.py ended at Wed May 20 16:02:25 UTC 2026
access_token.py started at Thu May 21 08:00:01 UTC 2026
access_token.py ended at Thu May 21 08:00:02 UTC 2026
script.py started at Thu May 21 09:00:02 UTC 2026
script.py ended at Thu May 21 09:01:51 UTC 2026
access_token.py started at Thu May 21 15:00:02 UTC 2026
access_token.py ended at Thu May 21 15:00:02 UTC 2026
script.py started at Thu May 21 16:00:02 UTC 2026
script.py ended at Thu May 21 16:02:25 UTC 2026
access_token.py started at Fri May 22 08:00:02 UTC 2026
access_token.py ended at Fri May 22 08:00:03 UTC 2026
script.py started at Fri May 22 09:00:01 UTC 2026
script.py ended at Fri May 22 09:02:26 UTC 2026
access_token.py started at Fri May 22 15:00:02 UTC 2026
access_token.py ended at Fri May 22 15:00:03 UTC 2026
script.py started at Fri May 22 16:00:01 UTC 2026
script.py ended at Fri May 22 16:02:23 UTC 2026
access_token.py started at Sat May 23 08:00:02 UTC 2026
access_token.py ended at Sat May 23 08:00:03 UTC 2026
script.py started at Sat May 23 09:00:02 UTC 2026
script.py ended at Sat May 23 09:02:22 UTC 2026
access_token.py started at Sat May 23 15:00:01 UTC 2026
access_token.py ended at Sat May 23 15:00:02 UTC 2026
script.py started at Sat May 23 16:00:02 UTC 2026
script.py ended at Sat May 23 16:00:08 UTC 2026
access_token.py started at Sun May 24 08:00:02 UTC 2026
access_token.py ended at Sun May 24 08:00:03 UTC 2026
script.py started at Sun May 24 09:00:02 UTC 2026
script.py ended at Sun May 24 09:00:42 UTC 2026
access_token.py started at Sun May 24 15:00:02 UTC 2026
access_token.py ended at Sun May 24 15:00:03 UTC 2026
script.py started at Sun May 24 16:00:02 UTC 2026
script.py ended at Sun May 24 16:00:42 UTC 2026
access_token.py started at Mon May 25 08:00:01 UTC 2026
access_token.py ended at Mon May 25 08:00:03 UTC 2026
script.py started at Mon May 25 09:00:02 UTC 2026
script.py ended at Mon May 25 09:02:21 UTC 2026
access_token.py started at Mon May 25 15:00:02 UTC 2026
access_token.py ended at Mon May 25 15:00:02 UTC 2026
script.py started at Mon May 25 16:00:02 UTC 2026
script.py ended at Mon May 25 16:00:08 UTC 2026
access_token.py started at Tue May 26 08:00:01 UTC 2026
access_token.py ended at Tue May 26 08:00:02 UTC 2026
script.py started at Tue May 26 09:00:02 UTC 2026
script.py ended at Tue May 26 09:01:50 UTC 2026
access_token.py started at Tue May 26 15:00:02 UTC 2026
access_token.py ended at Tue May 26 15:00:03 UTC 2026
script.py started at Tue May 26 16:00:01 UTC 2026
script.py ended at Tue May 26 16:02:18 UTC 2026
access_token.py started at Wed May 27 08:00:02 UTC 2026
access_token.py ended at Wed May 27 08:00:02 UTC 2026
script.py started at Wed May 27 09:00:02 UTC 2026
script.py ended at Wed May 27 09:02:30 UTC 2026
access_token.py started at Wed May 27 15:00:02 UTC 2026
access_token.py ended at Wed May 27 15:00:02 UTC 2026
script.py started at Wed May 27 16:00:02 UTC 2026
script.py ended at Wed May 27 16:03:32 UTC 2026
access_token.py started at Thu May 28 08:00:02 UTC 2026
access_token.py ended at Thu May 28 08:00:02 UTC 2026
script.py started at Thu May 28 09:00:02 UTC 2026
script.py ended at Thu May 28 09:03:02 UTC 2026
access_token.py started at Thu May 28 15:00:02 UTC 2026
access_token.py ended at Thu May 28 15:00:02 UTC 2026
script.py started at Thu May 28 16:00:02 UTC 2026
script.py ended at Thu May 28 16:03:33 UTC 2026
access_token.py started at Fri May 29 08:00:02 UTC 2026
access_token.py ended at Fri May 29 08:00:03 UTC 2026
script.py started at Fri May 29 09:00:01 UTC 2026
script.py ended at Fri May 29 09:03:54 UTC 2026
access_token.py started at Fri May 29 15:00:01 UTC 2026
access_token.py ended at Fri May 29 15:00:02 UTC 2026
script.py started at Fri May 29 16:00:02 UTC 2026
script.py ended at Fri May 29 16:02:30 UTC 2026
access_token.py started at Sat May 30 08:00:02 UTC 2026
access_token.py ended at Sat May 30 08:00:03 UTC 2026
script.py started at Sat May 30 09:00:02 UTC 2026
script.py ended at Sat May 30 09:01:56 UTC 2026
access_token.py started at Sat May 30 15:00:02 UTC 2026
access_token.py ended at Sat May 30 15:00:03 UTC 2026
script.py started at Sat May 30 16:00:01 UTC 2026
script.py ended at Sat May 30 16:01:51 UTC 2026
access_token.py started at Sun May 31 08:00:01 UTC 2026
access_token.py ended at Sun May 31 08:00:02 UTC 2026
script.py started at Sun May 31 09:00:02 UTC 2026
script.py ended at Sun May 31 09:01:52 UTC 2026
access_token.py started at Sun May 31 15:00:02 UTC 2026
access_token.py ended at Sun May 31 15:00:03 UTC 2026
script.py started at Sun May 31 16:00:02 UTC 2026
script.py ended at Sun May 31 16:01:50 UTC 2026
access_token.py started at Mon Jun  1 08:00:02 UTC 2026
access_token.py ended at Mon Jun  1 08:00:03 UTC 2026
script.py started at Mon Jun  1 09:00:01 UTC 2026
script.py ended at Mon Jun  1 09:01:53 UTC 2026
access_token.py started at Mon Jun  1 15:00:01 UTC 2026
access_token.py ended at Mon Jun  1 15:00:02 UTC 2026
script.py started at Mon Jun  1 16:00:02 UTC 2026
script.py ended at Mon Jun  1 16:01:15 UTC 2026
access_token.py started at Tue Jun  2 08:00:02 UTC 2026
access_token.py ended at Tue Jun  2 08:00:03 UTC 2026
script.py started at Tue Jun  2 09:00:01 UTC 2026
script.py ended at Tue Jun  2 09:02:40 UTC 2026
access_token.py started at Tue Jun  2 15:00:02 UTC 2026
access_token.py ended at Tue Jun  2 15:00:03 UTC 2026
script.py started at Tue Jun  2 16:00:01 UTC 2026
script.py ended at Tue Jun  2 16:02:59 UTC 2026
access_token.py started at Wed Jun  3 08:00:02 UTC 2026
access_token.py ended at Wed Jun  3 08:00:03 UTC 2026
script.py started at Wed Jun  3 09:00:01 UTC 2026
script.py ended at Wed Jun  3 09:01:49 UTC 2026
access_token.py started at Wed Jun  3 15:00:02 UTC 2026
access_token.py ended at Wed Jun  3 15:00:03 UTC 2026
script.py started at Wed Jun  3 16:00:02 UTC 2026
script.py ended at Wed Jun  3 16:02:59 UTC 2026
access_token.py started at Thu Jun  4 08:00:02 UTC 2026
access_token.py ended at Thu Jun  4 08:00:03 UTC 2026
script.py started at Thu Jun  4 09:00:01 UTC 2026
script.py ended at Thu Jun  4 09:01:54 UTC 2026
access_token.py started at Thu Jun  4 15:00:01 UTC 2026
access_token.py ended at Thu Jun  4 15:00:03 UTC 2026
script.py started at Thu Jun  4 16:00:02 UTC 2026
script.py ended at Thu Jun  4 16:02:24 UTC 2026
access_token.py started at Fri Jun  5 08:00:02 UTC 2026
access_token.py ended at Fri Jun  5 08:00:03 UTC 2026
script.py started at Fri Jun  5 09:00:01 UTC 2026
script.py ended at Fri Jun  5 09:02:25 UTC 2026
access_token.py started at Fri Jun  5 15:00:02 UTC 2026
access_token.py ended at Fri Jun  5 15:00:03 UTC 2026
script.py started at Fri Jun  5 16:00:01 UTC 2026
script.py ended at Fri Jun  5 16:02:25 UTC 2026
access_token.py started at Sat Jun  6 08:00:02 UTC 2026
access_token.py ended at Sat Jun  6 08:00:03 UTC 2026
script.py started at Sat Jun  6 09:00:02 UTC 2026
script.py ended at Sat Jun  6 09:16:09 UTC 2026
access_token.py started at Sat Jun  6 15:00:02 UTC 2026
access_token.py ended at Sat Jun  6 15:00:03 UTC 2026
script.py started at Sat Jun  6 16:00:01 UTC 2026
script.py ended at Sat Jun  6 16:02:20 UTC 2026
access_token.py started at Sun Jun  7 08:00:02 UTC 2026
access_token.py ended at Sun Jun  7 08:00:03 UTC 2026
script.py started at Sun Jun  7 09:00:01 UTC 2026
script.py ended at Sun Jun  7 09:01:51 UTC 2026
access_token.py started at Sun Jun  7 15:00:02 UTC 2026
access_token.py ended at Sun Jun  7 15:00:02 UTC 2026
script.py started at Sun Jun  7 16:00:02 UTC 2026
script.py ended at Sun Jun  7 16:00:14 UTC 2026
access_token.py started at Mon Jun  8 08:00:02 UTC 2026
access_token.py ended at Mon Jun  8 08:00:03 UTC 2026
script.py started at Mon Jun  8 09:00:02 UTC 2026
script.py ended at Mon Jun  8 09:00:13 UTC 2026
access_token.py started at Mon Jun  8 15:00:02 UTC 2026
access_token.py ended at Mon Jun  8 15:00:03 UTC 2026
script.py started at Mon Jun  8 16:00:02 UTC 2026
script.py ended at Mon Jun  8 16:00:15 UTC 2026
access_token.py started at Tue Jun  9 08:00:01 UTC 2026
access_token.py ended at Tue Jun  9 08:00:02 UTC 2026
script.py started at Tue Jun  9 09:00:02 UTC 2026
script.py ended at Tue Jun  9 09:00:15 UTC 2026
access_token.py started at Tue Jun  9 15:00:01 UTC 2026
access_token.py ended at Tue Jun  9 15:00:03 UTC 2026
script.py started at Tue Jun  9 16:00:01 UTC 2026
script.py ended at Tue Jun  9 16:00:15 UTC 2026
access_token.py started at Wed Jun 10 08:00:02 UTC 2026
access_token.py ended at Wed Jun 10 08:00:03 UTC 2026
script.py started at Wed Jun 10 09:00:02 UTC 2026
script.py ended at Wed Jun 10 09:00:15 UTC 2026
access_token.py started at Wed Jun 10 15:00:02 UTC 2026
access_token.py ended at Wed Jun 10 15:00:03 UTC 2026
script.py started at Wed Jun 10 16:00:01 UTC 2026
script.py ended at Wed Jun 10 16:00:15 UTC 2026
access_token.py started at Thu Jun 11 08:00:01 UTC 2026
access_token.py ended at Thu Jun 11 08:00:02 UTC 2026
script.py started at Thu Jun 11 09:00:02 UTC 2026
script.py ended at Thu Jun 11 09:00:16 UTC 2026
access_token.py started at Thu Jun 11 15:00:01 UTC 2026
access_token.py ended at Thu Jun 11 15:00:03 UTC 2026
script.py started at Thu Jun 11 16:00:01 UTC 2026
script.py ended at Thu Jun 11 16:02:29 UTC 2026
access_token.py started at Fri Jun 12 08:00:02 UTC 2026
access_token.py ended at Fri Jun 12 08:00:02 UTC 2026
script.py started at Fri Jun 12 09:00:01 UTC 2026
script.py ended at Fri Jun 12 09:00:12 UTC 2026
access_token.py started at Fri Jun 12 15:00:02 UTC 2026
access_token.py ended at Fri Jun 12 15:00:02 UTC 2026
script.py started at Fri Jun 12 16:00:02 UTC 2026
script.py ended at Fri Jun 12 16:00:12 UTC 2026
access_token.py started at Sat Jun 13 08:00:02 UTC 2026
access_token.py ended at Sat Jun 13 08:00:02 UTC 2026
script.py started at Sat Jun 13 09:00:02 UTC 2026
script.py ended at Sat Jun 13 09:00:13 UTC 2026
access_token.py started at Sat Jun 13 15:00:01 UTC 2026
access_token.py ended at Sat Jun 13 15:00:02 UTC 2026
script.py started at Sat Jun 13 16:00:02 UTC 2026
script.py ended at Sat Jun 13 16:00:12 UTC 2026
access_token.py started at Sun Jun 14 08:00:02 UTC 2026
access_token.py ended at Sun Jun 14 08:00:02 UTC 2026
script.py started at Sun Jun 14 09:00:02 UTC 2026
script.py ended at Sun Jun 14 09:00:12 UTC 2026
access_token.py started at Sun Jun 14 15:00:02 UTC 2026
access_token.py ended at Sun Jun 14 15:00:03 UTC 2026
script.py started at Sun Jun 14 16:00:01 UTC 2026
script.py ended at Sun Jun 14 16:00:12 UTC 2026
access_token.py started at Mon Jun 15 08:00:01 UTC 2026
access_token.py ended at Mon Jun 15 08:00:03 UTC 2026
script.py started at Mon Jun 15 09:00:01 UTC 2026
script.py ended at Mon Jun 15 09:00:12 UTC 2026
access_token.py started at Mon Jun 15 15:00:02 UTC 2026
access_token.py ended at Mon Jun 15 15:00:03 UTC 2026
script.py started at Mon Jun 15 16:00:02 UTC 2026
script.py ended at Mon Jun 15 16:00:12 UTC 2026
access_token.py started at Tue Jun 16 08:00:02 UTC 2026
access_token.py ended at Tue Jun 16 08:00:02 UTC 2026
script.py started at Tue Jun 16 09:00:02 UTC 2026
script.py ended at Tue Jun 16 09:01:53 UTC 2026
access_token.py started at Tue Jun 16 15:00:02 UTC 2026
access_token.py ended at Tue Jun 16 15:00:03 UTC 2026
script.py started at Tue Jun 16 16:00:02 UTC 2026
script.py ended at Tue Jun 16 16:02:17 UTC 2026
access_token.py started at Wed Jun 17 08:00:02 UTC 2026
access_token.py ended at Wed Jun 17 08:00:03 UTC 2026
script.py started at Wed Jun 17 09:00:02 UTC 2026
script.py ended at Wed Jun 17 09:01:50 UTC 2026
access_token.py started at Wed Jun 17 15:00:01 UTC 2026
access_token.py ended at Wed Jun 17 15:00:02 UTC 2026
script.py started at Wed Jun 17 16:00:02 UTC 2026
script.py ended at Wed Jun 17 16:00:08 UTC 2026
access_token.py started at Thu Jun 18 08:00:02 UTC 2026
access_token.py ended at Thu Jun 18 08:00:03 UTC 2026
script.py started at Thu Jun 18 09:00:02 UTC 2026
script.py ended at Thu Jun 18 09:01:50 UTC 2026
access_token.py started at Thu Jun 18 15:00:02 UTC 2026
access_token.py ended at Thu Jun 18 15:00:03 UTC 2026
script.py started at Thu Jun 18 16:00:02 UTC 2026
script.py ended at Thu Jun 18 16:01:16 UTC 2026
access_token.py started at Fri Jun 19 08:00:02 UTC 2026
access_token.py ended at Fri Jun 19 08:00:03 UTC 2026
script.py started at Fri Jun 19 09:00:01 UTC 2026
script.py ended at Fri Jun 19 09:02:24 UTC 2026
access_token.py started at Fri Jun 19 15:00:02 UTC 2026
access_token.py ended at Fri Jun 19 15:00:02 UTC 2026
script.py started at Fri Jun 19 16:00:02 UTC 2026
script.py ended at Fri Jun 19 16:00:08 UTC 2026
access_token.py started at Sat Jun 20 08:00:01 UTC 2026
access_token.py ended at Sat Jun 20 08:00:02 UTC 2026
script.py started at Sat Jun 20 09:00:02 UTC 2026
script.py ended at Sat Jun 20 09:00:08 UTC 2026
access_token.py started at Sat Jun 20 15:00:02 UTC 2026
access_token.py ended at Sat Jun 20 15:00:03 UTC 2026
script.py started at Sat Jun 20 16:00:02 UTC 2026
script.py ended at Sat Jun 20 16:00:08 UTC 2026
access_token.py started at Sun Jun 21 08:00:02 UTC 2026
access_token.py ended at Sun Jun 21 08:00:03 UTC 2026
script.py started at Sun Jun 21 09:00:01 UTC 2026
script.py ended at Sun Jun 21 09:00:07 UTC 2026
access_token.py started at Sun Jun 21 15:00:01 UTC 2026
access_token.py ended at Sun Jun 21 15:00:02 UTC 2026
script.py started at Sun Jun 21 16:00:02 UTC 2026
script.py ended at Sun Jun 21 16:00:08 UTC 2026
access_token.py started at Mon Jun 22 08:00:01 UTC 2026
access_token.py ended at Mon Jun 22 08:00:03 UTC 2026
script.py started at Mon Jun 22 09:00:01 UTC 2026
script.py ended at Mon Jun 22 09:01:51 UTC 2026
access_token.py started at Mon Jun 22 15:00:01 UTC 2026
access_token.py ended at Mon Jun 22 15:00:03 UTC 2026
script.py started at Mon Jun 22 16:00:02 UTC 2026
script.py ended at Mon Jun 22 16:00:10 UTC 2026
access_token.py started at Tue Jun 23 08:00:02 UTC 2026
access_token.py ended at Tue Jun 23 08:00:03 UTC 2026
script.py started at Tue Jun 23 09:00:02 UTC 2026
script.py ended at Tue Jun 23 09:00:45 UTC 2026
access_token.py started at Tue Jun 23 15:00:01 UTC 2026
access_token.py ended at Tue Jun 23 15:00:02 UTC 2026
script.py started at Tue Jun 23 16:00:02 UTC 2026
script.py ended at Tue Jun 23 16:00:12 UTC 2026
access_token.py started at Wed Jun 24 08:00:02 UTC 2026
access_token.py ended at Wed Jun 24 08:00:02 UTC 2026
script.py started at Wed Jun 24 09:00:02 UTC 2026
script.py ended at Wed Jun 24 09:01:53 UTC 2026
access_token.py started at Wed Jun 24 15:00:02 UTC 2026
access_token.py ended at Wed Jun 24 15:00:03 UTC 2026
script.py started at Wed Jun 24 16:00:02 UTC 2026
script.py ended at Wed Jun 24 16:01:46 UTC 2026
access_token.py started at Thu Jun 25 08:00:02 UTC 2026
access_token.py ended at Thu Jun 25 08:00:02 UTC 2026
script.py started at Thu Jun 25 09:00:02 UTC 2026
script.py ended at Thu Jun 25 09:02:00 UTC 2026
access_token.py started at Thu Jun 25 15:00:02 UTC 2026
access_token.py ended at Thu Jun 25 15:00:03 UTC 2026
script.py started at Thu Jun 25 16:00:02 UTC 2026
script.py ended at Thu Jun 25 16:01:43 UTC 2026
access_token.py started at Fri Jun 26 08:00:02 UTC 2026
access_token.py ended at Fri Jun 26 08:00:02 UTC 2026
script.py started at Fri Jun 26 09:00:02 UTC 2026
script.py ended at Fri Jun 26 09:02:51 UTC 2026
access_token.py started at Fri Jun 26 15:00:02 UTC 2026
access_token.py ended at Fri Jun 26 15:00:03 UTC 2026
script.py started at Fri Jun 26 16:00:01 UTC 2026
script.py ended at Fri Jun 26 16:01:15 UTC 2026
access_token.py started at Sat Jun 27 08:00:01 UTC 2026
access_token.py ended at Sat Jun 27 08:00:02 UTC 2026
script.py started at Sat Jun 27 09:00:02 UTC 2026
script.py ended at Sat Jun 27 09:00:11 UTC 2026
access_token.py started at Sat Jun 27 15:00:02 UTC 2026
access_token.py ended at Sat Jun 27 15:00:02 UTC 2026
script.py started at Sat Jun 27 16:00:01 UTC 2026
script.py ended at Sat Jun 27 16:00:10 UTC 2026
access_token.py started at Sun Jun 28 08:00:02 UTC 2026
access_token.py ended at Sun Jun 28 08:00:03 UTC 2026
script.py started at Sun Jun 28 09:00:02 UTC 2026
script.py ended at Sun Jun 28 09:00:11 UTC 2026
access_token.py started at Sun Jun 28 15:00:02 UTC 2026
access_token.py ended at Sun Jun 28 15:00:03 UTC 2026
script.py started at Sun Jun 28 16:00:02 UTC 2026
script.py ended at Sun Jun 28 16:00:44 UTC 2026
access_token.py started at Mon Jun 29 08:00:01 UTC 2026
access_token.py ended at Mon Jun 29 08:00:02 UTC 2026
script.py started at Mon Jun 29 09:00:01 UTC 2026
script.py ended at Mon Jun 29 09:00:10 UTC 2026
access_token.py started at Mon Jun 29 15:00:02 UTC 2026
access_token.py ended at Mon Jun 29 15:00:03 UTC 2026
script.py started at Mon Jun 29 16:00:02 UTC 2026
script.py ended at Mon Jun 29 16:00:11 UTC 2026
access_token.py started at Tue Jun 30 08:00:02 UTC 2026
access_token.py ended at Tue Jun 30 08:00:03 UTC 2026
script.py started at Tue Jun 30 09:00:02 UTC 2026
script.py ended at Tue Jun 30 09:00:12 UTC 2026
access_token.py started at Tue Jun 30 15:00:01 UTC 2026
access_token.py ended at Tue Jun 30 15:00:02 UTC 2026
script.py started at Tue Jun 30 16:00:02 UTC 2026
script.py ended at Tue Jun 30 16:02:21 UTC 2026
access_token.py started at Wed Jul  1 08:00:02 UTC 2026
access_token.py ended at Wed Jul  1 08:00:02 UTC 2026
script.py started at Wed Jul  1 09:00:01 UTC 2026
script.py ended at Wed Jul  1 09:02:27 UTC 2026
access_token.py started at Wed Jul  1 15:00:02 UTC 2026
access_token.py ended at Wed Jul  1 15:00:03 UTC 2026
script.py started at Wed Jul  1 16:00:02 UTC 2026
script.py ended at Wed Jul  1 16:01:58 UTC 2026
access_token.py started at Thu Jul  2 08:00:02 UTC 2026
access_token.py ended at Thu Jul  2 08:00:03 UTC 2026
script.py started at Thu Jul  2 09:00:02 UTC 2026
script.py ended at Thu Jul  2 09:03:00 UTC 2026
access_token.py started at Thu Jul  2 15:00:02 UTC 2026
access_token.py ended at Thu Jul  2 15:00:03 UTC 2026
script.py started at Thu Jul  2 16:00:01 UTC 2026
script.py ended at Thu Jul  2 16:00:11 UTC 2026
access_token.py started at Fri Jul  3 08:00:02 UTC 2026
access_token.py ended at Fri Jul  3 08:00:02 UTC 2026
script.py started at Fri Jul  3 09:00:01 UTC 2026
script.py ended at Fri Jul  3 09:00:10 UTC 2026
access_token.py started at Fri Jul  3 15:00:01 UTC 2026
access_token.py ended at Fri Jul  3 15:00:02 UTC 2026
script.py started at Fri Jul  3 16:00:02 UTC 2026
script.py ended at Fri Jul  3 16:00:11 UTC 2026
access_token.py started at Sat Jul  4 08:00:02 UTC 2026
access_token.py ended at Sat Jul  4 08:00:02 UTC 2026
script.py started at Sat Jul  4 09:00:02 UTC 2026
script.py ended at Sat Jul  4 09:00:12 UTC 2026
access_token.py started at Sat Jul  4 15:00:02 UTC 2026
access_token.py ended at Sat Jul  4 15:00:03 UTC 2026
script.py started at Sat Jul  4 16:00:01 UTC 2026
script.py ended at Sat Jul  4 16:00:12 UTC 2026
access_token.py started at Sun Jul  5 08:00:02 UTC 2026
access_token.py ended at Sun Jul  5 08:00:03 UTC 2026
script.py started at Sun Jul  5 09:00:01 UTC 2026
script.py ended at Sun Jul  5 09:01:16 UTC 2026
access_token.py started at Sun Jul  5 15:00:01 UTC 2026
access_token.py ended at Sun Jul  5 15:00:02 UTC 2026
script.py started at Sun Jul  5 16:00:02 UTC 2026
script.py ended at Sun Jul  5 16:00:13 UTC 2026
access_token.py started at Mon Jul  6 08:00:02 UTC 2026
access_token.py ended at Mon Jul  6 08:00:03 UTC 2026
script.py started at Mon Jul  6 09:00:02 UTC 2026
script.py ended at Mon Jul  6 09:00:12 UTC 2026
access_token.py started at Mon Jul  6 15:00:02 UTC 2026
access_token.py ended at Mon Jul  6 15:00:03 UTC 2026
script.py started at Mon Jul  6 16:00:01 UTC 2026
script.py ended at Mon Jul  6 16:01:17 UTC 2026
access_token.py started at Tue Jul  7 08:00:01 UTC 2026
access_token.py ended at Tue Jul  7 08:00:02 UTC 2026
script.py started at Tue Jul  7 09:00:02 UTC 2026
script.py ended at Tue Jul  7 09:00:13 UTC 2026
access_token.py started at Tue Jul  7 15:00:02 UTC 2026
access_token.py ended at Tue Jul  7 15:00:02 UTC 2026
script.py started at Tue Jul  7 16:00:01 UTC 2026
script.py ended at Tue Jul  7 16:00:12 UTC 2026
access_token.py started at Wed Jul  8 08:00:02 UTC 2026
access_token.py ended at Wed Jul  8 08:00:03 UTC 2026
script.py started at Wed Jul  8 09:00:02 UTC 2026
script.py ended at Wed Jul  8 09:02:37 UTC 2026
access_token.py started at Wed Jul  8 15:00:02 UTC 2026
access_token.py ended at Wed Jul  8 15:00:03 UTC 2026
script.py started at Wed Jul  8 16:00:02 UTC 2026
script.py ended at Wed Jul  8 16:00:08 UTC 2026
access_token.py started at Thu Jul  9 08:00:02 UTC 2026
access_token.py ended at Thu Jul  9 08:00:03 UTC 2026
script.py started at Thu Jul  9 09:00:01 UTC 2026
script.py ended at Thu Jul  9 09:01:18 UTC 2026
access_token.py started at Thu Jul  9 15:00:02 UTC 2026
access_token.py ended at Thu Jul  9 15:00:02 UTC 2026
script.py started at Thu Jul  9 16:00:01 UTC 2026
script.py ended at Thu Jul  9 16:00:10 UTC 2026
access_token.py started at Fri Jul 10 08:00:02 UTC 2026
access_token.py ended at Fri Jul 10 08:00:03 UTC 2026
script.py started at Fri Jul 10 09:00:01 UTC 2026
script.py ended at Fri Jul 10 09:02:24 UTC 2026
access_token.py started at Fri Jul 10 15:00:01 UTC 2026
access_token.py ended at Fri Jul 10 15:00:02 UTC 2026
script.py started at Fri Jul 10 16:00:01 UTC 2026
script.py ended at Fri Jul 10 16:01:16 UTC 2026
access_token.py started at Sat Jul 11 08:00:01 UTC 2026
access_token.py ended at Sat Jul 11 08:00:03 UTC 2026
script.py started at Sat Jul 11 09:00:01 UTC 2026
script.py ended at Sat Jul 11 09:00:10 UTC 2026
access_token.py started at Sat Jul 11 15:00:02 UTC 2026
access_token.py ended at Sat Jul 11 15:00:03 UTC 2026
script.py started at Sat Jul 11 16:00:02 UTC 2026
script.py ended at Sat Jul 11 16:01:16 UTC 2026
access_token.py started at Sun Jul 12 08:00:02 UTC 2026
access_token.py ended at Sun Jul 12 08:00:03 UTC 2026
script.py started at Sun Jul 12 09:00:01 UTC 2026
script.py ended at Sun Jul 12 09:00:10 UTC 2026
access_token.py started at Sun Jul 12 15:00:01 UTC 2026
access_token.py ended at Sun Jul 12 15:00:03 UTC 2026
script.py started at Sun Jul 12 16:00:01 UTC 2026
script.py ended at Sun Jul 12 16:00:10 UTC 2026
access_token.py started at Mon Jul 13 08:00:02 UTC 2026
access_token.py ended at Mon Jul 13 08:00:02 UTC 2026
script.py started at Mon Jul 13 09:00:02 UTC 2026
script.py ended at Mon Jul 13 09:00:11 UTC 2026
access_token.py started at Mon Jul 13 15:00:02 UTC 2026
access_token.py ended at Mon Jul 13 15:00:02 UTC 2026
script.py started at Mon Jul 13 16:00:01 UTC 2026
script.py ended at Mon Jul 13 16:01:46 UTC 2026
access_token.py started at Tue Jul 14 08:00:02 UTC 2026
access_token.py ended at Tue Jul 14 08:00:03 UTC 2026
script.py started at Tue Jul 14 09:00:01 UTC 2026
script.py ended at Tue Jul 14 09:00:46 UTC 2026
access_token.py started at Tue Jul 14 15:00:02 UTC 2026
access_token.py ended at Tue Jul 14 15:00:03 UTC 2026
script.py started at Tue Jul 14 16:00:02 UTC 2026
script.py ended at Tue Jul 14 16:00:12 UTC 2026
access_token.py started at Wed Jul 15 08:00:02 UTC 2026
access_token.py ended at Wed Jul 15 08:00:02 UTC 2026
script.py started at Wed Jul 15 09:00:02 UTC 2026
script.py ended at Wed Jul 15 09:00:47 UTC 2026
access_token.py started at Wed Jul 15 15:00:02 UTC 2026
access_token.py ended at Wed Jul 15 15:00:03 UTC 2026
script.py started at Wed Jul 15 16:00:02 UTC 2026
script.py ended at Wed Jul 15 16:01:17 UTC 2026
access_token.py started at Thu Jul 16 08:00:02 UTC 2026
access_token.py ended at Thu Jul 16 08:00:03 UTC 2026
script.py started at Thu Jul 16 09:00:01 UTC 2026
script.py ended at Thu Jul 16 09:00:46 UTC 2026
access_token.py started at Thu Jul 16 15:00:02 UTC 2026
access_token.py ended at Thu Jul 16 15:00:02 UTC 2026
script.py started at Thu Jul 16 16:00:02 UTC 2026
script.py ended at Thu Jul 16 16:01:48 UTC 2026
access_token.py started at Fri Jul 17 08:00:02 UTC 2026
access_token.py ended at Fri Jul 17 08:00:03 UTC 2026
script.py started at Fri Jul 17 09:00:02 UTC 2026
script.py ended at Fri Jul 17 09:06:04 UTC 2026
access_token.py started at Fri Jul 17 15:00:01 UTC 2026
access_token.py ended at Fri Jul 17 15:00:02 UTC 2026
script.py started at Fri Jul 17 16:00:02 UTC 2026
script.py ended at Fri Jul 17 16:01:51 UTC 2026
access_token.py started at Sat Jul 18 08:00:02 UTC 2026
access_token.py ended at Sat Jul 18 08:00:03 UTC 2026
script.py started at Sat Jul 18 09:00:02 UTC 2026
script.py ended at Sat Jul 18 09:04:19 UTC 2026
access_token.py started at Sat Jul 18 15:00:02 UTC 2026
access_token.py ended at Sat Jul 18 15:00:02 UTC 2026
script.py started at Sat Jul 18 16:00:01 UTC 2026
script.py ended at Sat Jul 18 16:00:11 UTC 2026
access_token.py started at Sun Jul 19 08:00:02 UTC 2026
access_token.py ended at Sun Jul 19 08:00:03 UTC 2026
script.py started at Sun Jul 19 09:00:02 UTC 2026
script.py ended at Sun Jul 19 09:00:11 UTC 2026
access_token.py started at Sun Jul 19 15:00:02 UTC 2026
access_token.py ended at Sun Jul 19 15:00:03 UTC 2026
script.py started at Sun Jul 19 16:00:02 UTC 2026
script.py ended at Sun Jul 19 16:00:11 UTC 2026
access_token.py started at Mon Jul 20 08:00:02 UTC 2026
access_token.py ended at Mon Jul 20 08:00:03 UTC 2026
script.py started at Mon Jul 20 09:00:02 UTC 2026
script.py ended at Mon Jul 20 09:01:16 UTC 2026
access_token.py started at Mon Jul 20 15:00:02 UTC 2026
access_token.py ended at Mon Jul 20 15:00:03 UTC 2026
script.py started at Mon Jul 20 16:00:02 UTC 2026
script.py ended at Mon Jul 20 16:00:11 UTC 2026
access_token.py started at Tue Jul 21 08:00:02 UTC 2026
access_token.py ended at Tue Jul 21 08:00:03 UTC 2026
script.py started at Tue Jul 21 09:00:02 UTC 2026
script.py ended at Tue Jul 21 09:00:45 UTC 2026
access_token.py started at Tue Jul 21 15:00:02 UTC 2026
access_token.py ended at Tue Jul 21 15:00:03 UTC 2026
script.py started at Tue Jul 21 16:00:02 UTC 2026
script.py ended at Tue Jul 21 16:00:11 UTC 2026
access_token.py started at Wed Jul 22 08:00:02 UTC 2026
access_token.py ended at Wed Jul 22 08:00:03 UTC 2026
script.py started at Wed Jul 22 09:00:02 UTC 2026
script.py ended at Wed Jul 22 09:02:54 UTC 2026
access_token.py started at Wed Jul 22 15:00:01 UTC 2026
access_token.py ended at Wed Jul 22 15:00:02 UTC 2026
script.py started at Wed Jul 22 16:00:02 UTC 2026
script.py ended at Wed Jul 22 16:02:13 UTC 2026
access_token.py started at Thu Jul 23 08:00:02 UTC 2026
access_token.py ended at Thu Jul 23 08:00:03 UTC 2026
script.py started at Thu Jul 23 09:00:02 UTC 2026
script.py ended at Thu Jul 23 09:01:53 UTC 2026
access_token.py started at Thu Jul 23 15:00:02 UTC 2026
access_token.py ended at Thu Jul 23 15:00:03 UTC 2026
script.py started at Thu Jul 23 16:00:02 UTC 2026
script.py ended at Thu Jul 23 16:01:16 UTC 2026
access_token.py started at Fri Jul 24 08:00:02 UTC 2026
access_token.py ended at Fri Jul 24 08:00:03 UTC 2026
script.py started at Fri Jul 24 09:00:02 UTC 2026
script.py ended at Fri Jul 24 09:00:45 UTC 2026
access_token.py started at Fri Jul 24 15:00:02 UTC 2026
access_token.py ended at Fri Jul 24 15:00:03 UTC 2026
script.py started at Fri Jul 24 16:00:01 UTC 2026
script.py ended at Fri Jul 24 16:00:12 UTC 2026
access_token.py started at Sat Jul 25 08:00:02 UTC 2026
access_token.py ended at Sat Jul 25 08:00:03 UTC 2026
script.py started at Sat Jul 25 09:00:02 UTC 2026
script.py ended at Sat Jul 25 09:04:20 UTC 2026
access_token.py started at Sat Jul 25 15:00:02 UTC 2026
access_token.py ended at Sat Jul 25 15:00:03 UTC 2026
script.py started at Sat Jul 25 16:00:01 UTC 2026
script.py ended at Sat Jul 25 16:00:45 UTC 2026
access_token.py started at Sun Jul 26 08:00:02 UTC 2026
access_token.py ended at Sun Jul 26 08:00:03 UTC 2026
script.py started at Sun Jul 26 09:00:02 UTC 2026
script.py ended at Sun Jul 26 09:00:12 UTC 2026
access_token.py started at Sun Jul 26 15:00:02 UTC 2026
access_token.py ended at Sun Jul 26 15:00:02 UTC 2026
script.py started at Sun Jul 26 16:00:01 UTC 2026
script.py ended at Sun Jul 26 16:00:12 UTC 2026
access_token.py started at Mon Jul 27 08:00:02 UTC 2026
access_token.py ended at Mon Jul 27 08:00:03 UTC 2026
script.py started at Mon Jul 27 09:00:01 UTC 2026
script.py ended at Mon Jul 27 09:00:12 UTC 2026
access_token.py started at Mon Jul 27 15:00:02 UTC 2026
access_token.py ended at Mon Jul 27 15:00:03 UTC 2026
script.py started at Mon Jul 27 16:00:02 UTC 2026
script.py ended at Mon Jul 27 16:02:47 UTC 2026
access_token.py started at Tue Jul 28 08:00:02 UTC 2026
access_token.py ended at Tue Jul 28 08:00:02 UTC 2026
script.py started at Tue Jul 28 09:00:02 UTC 2026
script.py ended at Tue Jul 28 09:01:21 UTC 2026
access_token.py started at Tue Jul 28 15:00:02 UTC 2026
access_token.py ended at Tue Jul 28 15:00:03 UTC 2026
script.py started at Tue Jul 28 16:00:02 UTC 2026
script.py ended at Tue Jul 28 16:01:45 UTC 2026
access_token.py started at Wed Jul 29 08:00:02 UTC 2026
access_token.py ended at Wed Jul 29 08:00:03 UTC 2026
script.py started at Wed Jul 29 09:00:02 UTC 2026
script.py ended at Wed Jul 29 09:01:58 UTC 2026
access_token.py started at Wed Jul 29 15:00:02 UTC 2026
access_token.py ended at Wed Jul 29 15:00:03 UTC 2026
script.py started at Wed Jul 29 16:00:02 UTC 2026
script.py ended at Wed Jul 29 16:02:22 UTC 2026
access_token.py started at Thu Jul 30 08:00:01 UTC 2026
access_token.py ended at Thu Jul 30 08:00:03 UTC 2026
script.py started at Thu Jul 30 09:00:01 UTC 2026
script.py ended at Thu Jul 30 09:01:18 UTC 2026
access_token.py started at Thu Jul 30 15:00:02 UTC 2026
access_token.py ended at Thu Jul 30 15:00:03 UTC 2026
script.py started at Thu Jul 30 16:00:02 UTC 2026
script.py ended at Thu Jul 30 16:02:19 UTC 2026
access_token.py started at Fri Jul 31 08:00:02 UTC 2026
access_token.py ended at Fri Jul 31 08:00:02 UTC 2026
script.py started at Fri Jul 31 09:00:02 UTC 2026
script.py ended at Fri Jul 31 09:02:50 UTC 2026
access_token.py started at Fri Jul 31 15:00:02 UTC 2026
access_token.py ended at Fri Jul 31 15:00:03 UTC 2026
script.py started at Fri Jul 31 16:00:01 UTC 2026
script.py ended at Fri Jul 31 16:01:42 UTC 2026
access_token.py started at Sat Aug  1 08:00:01 UTC 2026
access_token.py ended at Sat Aug  1 08:00:03 UTC 2026
script.py started at Sat Aug  1 09:00:02 UTC 2026
script.py ended at Sat Aug  1 09:00:45 UTC 2026
access_token.py started at Sat Aug  1 15:00:02 UTC 2026
access_token.py ended at Sat Aug  1 15:00:03 UTC 2026
script.py started at Sat Aug  1 16:00:01 UTC 2026
script.py ended at Sat Aug  1 16:00:45 UTC 2026
access_token.py started at Sun Aug  2 08:00:01 UTC 2026
access_token.py ended at Sun Aug  2 08:00:03 UTC 2026
script.py started at Sun Aug  2 09:00:01 UTC 2026
script.py ended at Sun Aug  2 09:01:52 UTC 2026
access_token.py started at Sun Aug  2 15:00:01 UTC 2026
access_token.py ended at Sun Aug  2 15:00:02 UTC 2026
script.py started at Sun Aug  2 16:00:02 UTC 2026
script.py ended at Sun Aug  2 16:01:49 UTC 2026
access_token.py started at Mon Aug  3 08:00:02 UTC 2026
access_token.py ended at Mon Aug  3 08:00:03 UTC 2026
script.py started at Mon Aug  3 09:00:01 UTC 2026
script.py ended at Mon Aug  3 09:00:40 UTC 2026
access_token.py started at Mon Aug  3 15:00:01 UTC 2026
access_token.py ended at Mon Aug  3 15:00:02 UTC 2026
script.py started at Mon Aug  3 16:00:01 UTC 2026
script.py ended at Mon Aug  3 16:03:29 UTC 2026
access_token.py started at Tue Aug  4 08:00:01 UTC 2026
access_token.py ended at Tue Aug  4 08:00:02 UTC 2026
script.py started at Tue Aug  4 09:00:02 UTC 2026
script.py ended at Tue Aug  4 09:03:09 UTC 2026
access_token.py started at Tue Aug  4 15:00:02 UTC 2026
access_token.py ended at Tue Aug  4 15:00:02 UTC 2026
script.py started at Tue Aug  4 16:00:02 UTC 2026
script.py ended at Tue Aug  4 16:04:04 UTC 2026
access_token.py started at Wed Aug  5 08:00:02 UTC 2026
access_token.py ended at Wed Aug  5 08:00:03 UTC 2026
script.py started at Wed Aug  5 09:00:01 UTC 2026
script.py ended at Wed Aug  5 09:02:21 UTC 2026
access_token.py started at Wed Aug  5 15:00:02 UTC 2026
access_token.py ended at Wed Aug  5 15:00:03 UTC 2026
script.py started at Wed Aug  5 16:00:02 UTC 2026
script.py ended at Wed Aug  5 16:03:54 UTC 2026
access_token.py started at Thu Aug  6 08:00:02 UTC 2026
access_token.py ended at Thu Aug  6 08:00:03 UTC 2026
script.py started at Thu Aug  6 09:00:01 UTC 2026
script.py ended at Thu Aug  6 09:04:01 UTC 2026
access_token.py started at Thu Aug  6 15:00:02 UTC 2026
access_token.py ended at Thu Aug  6 15:00:03 UTC 2026
script.py started at Thu Aug  6 16:00:01 UTC 2026
script.py ended at Thu Aug  6 16:03:29 UTC 2026
access_token.py started at Fri Aug  7 08:00:01 UTC 2026
access_token.py ended at Fri Aug  7 08:00:02 UTC 2026
script.py started at Fri Aug  7 09:00:02 UTC 2026
script.py ended at Fri Aug  7 09:04:11 UTC 2026
access_token.py started at Fri Aug  7 15:00:02 UTC 2026
access_token.py ended at Fri Aug  7 15:00:03 UTC 2026
script.py started at Fri Aug  7 16:00:02 UTC 2026
script.py ended at Fri Aug  7 16:01:52 UTC 2026
access_token.py started at Sat Aug  8 08:00:02 UTC 2026
access_token.py ended at Sat Aug  8 08:00:03 UTC 2026
script.py started at Sat Aug  8 09:00:02 UTC 2026
script.py ended at Sat Aug  8 09:01:54 UTC 2026
access_token.py started at Sat Aug  8 15:00:02 UTC 2026
access_token.py ended at Sat Aug  8 15:00:03 UTC 2026
script.py started at Sat Aug  8 16:00:01 UTC 2026
script.py ended at Sat Aug  8 16:00:41 UTC 2026
access_token.py started at Sun Aug  9 08:00:02 UTC 2026
access_token.py ended at Sun Aug  9 08:00:02 UTC 2026
script.py started at Sun Aug  9 09:00:02 UTC 2026
script.py ended at Sun Aug  9 09:00:42 UTC 2026
access_token.py started at Sun Aug  9 15:00:02 UTC 2026
access_token.py ended at Sun Aug  9 15:00:02 UTC 2026
script.py started at Sun Aug  9 16:00:02 UTC 2026
script.py ended at Sun Aug  9 16:00:42 UTC 2026
access_token.py started at Mon Aug 10 08:00:02 UTC 2026
access_token.py ended at Mon Aug 10 08:00:03 UTC 2026
script.py started at Mon Aug 10 09:00:02 UTC 2026
script.py ended at Mon Aug 10 09:01:12 UTC 2026
access_token.py started at Mon Aug 10 15:00:02 UTC 2026
access_token.py ended at Mon Aug 10 15:00:03 UTC 2026
script.py started at Mon Aug 10 16:00:02 UTC 2026
script.py ended at Mon Aug 10 16:02:52 UTC 2026
access_token.py started at Tue Aug 11 08:00:01 UTC 2026
access_token.py ended at Tue Aug 11 08:00:02 UTC 2026
script.py started at Tue Aug 11 09:00:02 UTC 2026
script.py ended at Tue Aug 11 09:00:12 UTC 2026
